{"type":"FeatureCollection","features":[{"type":"Feature","geometry":{"type":"Polygon","coordinates":[[[2.59052,49.07965],[2.61033,49.09305],[2.62488,49.09877],[2.63175,49.10627],[2.63584,49.10181],[2.65636,49.09851],[2.67315,49.09086],[2.69115,49.07062],[2.70029,49.06479],[2.71996,49.07839],[2.73079,49.07207],[2.73501,49.06045],[2.775,49.07074],[2.77413,49.08036],[2.78854,49.08445],[2.79992,49.09316],[2.83363,49.08295],[2.85014,49.07757],[2.87214,49.07205],[2.88555,49.07858],[2.90647,49.08324],[2.9297,49.07939],[2.9357,49.07828],[2.94827,49.08694],[2.96873,49.09146],[2.97317,49.08074],[2.9834,49.07218],[2.99124,49.08401],[3.00189,49.08866],[3.02652,49.08717],[3.04658,49.0866],[3.05737,49.08707],[3.06001,49.09195],[3.0594,49.10226],[3.06766,49.11439],[3.0785,49.1145],[3.08592,49.11229],[3.10783,49.10742],[3.12146,49.10931],[3.13613,49.10737],[3.15181,49.09993],[3.15931,49.08953],[3.16658,49.07784],[3.18111,49.05875],[3.1909,49.04762],[3.18222,49.04004],[3.17692,49.03075],[3.16103,49.02423],[3.17594,49.01247],[3.19754,49.00849],[3.20309,49.00094],[3.22484,48.98733],[3.23033,48.98131],[3.25184,48.97237],[3.2594,48.95333],[3.26396,48.94181],[3.28453,48.94053],[3.31022,48.93937],[3.31532,48.92048],[3.33648,48.90919],[3.3492,48.91552],[3.36677,48.92253],[3.37448,48.91304],[3.37148,48.90524],[3.38432,48.88747],[3.38279,48.88057],[3.3859,48.87233],[3.40586,48.87588],[3.40048,48.86771],[3.41513,48.86552],[3.42729,48.86219],[3.45223,48.85629],[3.44674,48.84834],[3.46059,48.84077],[3.47046,48.851],[3.49034,48.8386],[3.4872,48.81519],[3.47421,48.81829],[3.4515,48.81312],[3.43562,48.81188],[3.41113,48.8037],[3.42218,48.80241],[3.44157,48.8015],[3.4426,48.78814],[3.43817,48.78511],[3.42697,48.78085],[3.41285,48.78314],[3.39677,48.76058],[3.40458,48.75362],[3.42586,48.75452],[3.43638,48.7514],[3.44407,48.73663],[3.4674,48.73863],[3.46817,48.71833],[3.46681,48.70493],[3.47778,48.69792],[3.47143,48.69027],[3.46268,48.68545],[3.4427,48.67251],[3.44706,48.66036],[3.46043,48.65301],[3.45637,48.64225],[3.45788,48.63391],[3.47262,48.63656],[3.48777,48.64493],[3.5175,48.64337],[3.52969,48.64321],[3.51907,48.63347],[3.53798,48.63162],[3.55561,48.62028],[3.54084,48.61604],[3.52728,48.60894],[3.51586,48.58978],[3.47338,48.57688],[3.47423,48.56449],[3.47889,48.55054],[3.48175,48.54145],[3.45695,48.52963],[3.43331,48.52915],[3.4054,48.52801],[3.42614,48.50839],[3.4351,48.49602],[3.42258,48.49202],[3.41093,48.48746],[3.40396,48.48772],[3.40056,48.48453],[3.38616,48.47728],[3.39581,48.47057],[3.39438,48.46274],[3.40359,48.45449],[3.40494,48.43941],[3.3946,48.43173],[3.39453,48.42431],[3.41183,48.42131],[3.40175,48.41622],[3.41708,48.41516],[3.42053,48.40862],[3.41479,48.39027],[3.39997,48.39208],[3.38816,48.3972],[3.37506,48.39674],[3.36261,48.37699],[3.35642,48.37121],[3.34464,48.37334],[3.32001,48.37561],[3.30515,48.37287],[3.29811,48.37869],[3.28282,48.38157],[3.2684,48.37597],[3.25673,48.36648],[3.24803,48.36751],[3.22372,48.3704],[3.20034,48.36368],[3.18624,48.3683],[3.17181,48.37768],[3.15555,48.37029],[3.14102,48.36887],[3.13246,48.36946],[3.11955,48.36694],[3.10733,48.35407],[3.10115,48.35645],[3.08172,48.36049],[3.05833,48.35817],[3.04157,48.35036],[3.03676,48.3401],[3.04187,48.32916],[3.02898,48.31982],[3.0159,48.3079],[3.02744,48.30286],[3.02714,48.28755],[3.03174,48.27358],[3.04276,48.26201],[3.03566,48.2509],[3.01857,48.23519],[3.01131,48.22081],[3.00206,48.20715],[2.9913,48.20725],[2.97305,48.20555],[2.96738,48.19286],[2.94511,48.18632],[2.93458,48.17594],[2.90011,48.15948],[2.86213,48.15116],[2.84611,48.13981],[2.8259,48.13329],[2.80739,48.13102],[2.79796,48.14324],[2.79791,48.15116],[2.80866,48.16013],[2.80823,48.16624],[2.79526,48.16908],[2.77916,48.1675],[2.76803,48.16292],[2.75271,48.16243],[2.74275,48.1596],[2.75022,48.1547],[2.72046,48.13691],[2.70351,48.12424],[2.68324,48.12449],[2.66475,48.12054],[2.63967,48.13895],[2.60268,48.13149],[2.57683,48.13195],[2.54195,48.1411],[2.51964,48.12714],[2.47601,48.12964],[2.45889,48.12561],[2.44276,48.1254],[2.4546,48.13564],[2.46753,48.14822],[2.48121,48.16267],[2.50284,48.15811],[2.51235,48.17068],[2.51045,48.18349],[2.51297,48.19298],[2.51851,48.20133],[2.51412,48.21438],[2.51544,48.2276],[2.50619,48.23854],[2.48411,48.23905],[2.46909,48.25527],[2.44351,48.2546],[2.42844,48.25659],[2.41996,48.26657],[2.41924,48.27714],[2.42128,48.28541],[2.41882,48.30092],[2.40953,48.30991],[2.39848,48.3187],[2.38634,48.31177],[2.36901,48.30926],[2.35407,48.31302],[2.34601,48.31733],[2.32905,48.32901],[2.3246,48.33193],[2.31124,48.32882],[2.30074,48.3157],[2.28537,48.31132],[2.26891,48.31352],[2.26266,48.30803],[2.24516,48.2984],[2.24943,48.31458],[2.2443,48.3256],[2.23983,48.33094],[2.23006,48.32932],[2.21961,48.33552],[2.2117,48.33874],[2.20508,48.34229],[2.19148,48.33385],[2.18213,48.32427],[2.18089,48.31312],[2.15439,48.31591],[2.16097,48.30455],[2.13221,48.29878],[2.09838,48.30259],[2.08938,48.29528],[2.05271,48.29547],[2.04126,48.28438],[2.02499,48.28923],[2.01155,48.28483],[1.99025,48.2877],[1.97509,48.28801],[1.97543,48.29606],[1.96397,48.29719],[1.95923,48.30869],[1.9745,48.3126],[1.9745,48.32317],[1.97059,48.34226],[1.97429,48.35136],[1.98903,48.36358],[1.97801,48.36886],[1.98012,48.37484],[1.96826,48.38412],[1.97335,48.39577],[1.96561,48.40349],[1.93549,48.40423],[1.93194,48.41631],[1.93747,48.42641],[1.93916,48.43428],[1.93449,48.44379],[1.92792,48.45461],[1.91163,48.44548],[1.89813,48.4395],[1.87539,48.44042],[1.86402,48.442],[1.85216,48.44664],[1.8396,48.45232],[1.83214,48.46758],[1.80145,48.46604],[1.79852,48.47506],[1.79462,48.48593],[1.78938,48.49423],[1.78032,48.50703],[1.77704,48.52131],[1.7838,48.54672],[1.76796,48.55896],[1.76533,48.56937],[1.74389,48.57246],[1.72327,48.57437],[1.70912,48.59532],[1.71719,48.60756],[1.70282,48.61181],[1.68958,48.61165],[1.69063,48.61741],[1.67271,48.61575],[1.66354,48.61652],[1.65653,48.62867],[1.64925,48.63861],[1.64385,48.64806],[1.62718,48.65021],[1.6086,48.65899],[1.60689,48.67395],[1.61066,48.6854],[1.5912,48.69251],[1.58033,48.70148],[1.5888,48.71193],[1.60894,48.72837],[1.62157,48.73885],[1.61269,48.75633],[1.58547,48.76172],[1.58422,48.77727],[1.57603,48.78743],[1.57817,48.79877],[1.58099,48.80585],[1.5912,48.81487],[1.58427,48.83253],[1.59347,48.84101],[1.5816,48.855],[1.57392,48.86326],[1.55522,48.86507],[1.55136,48.87516],[1.56196,48.88715],[1.5533,48.89546],[1.54354,48.90093],[1.54528,48.91092],[1.53547,48.92241],[1.51419,48.92195],[1.51123,48.9319],[1.50577,48.95391],[1.49873,48.95695],[1.50538,48.97256],[1.51242,48.97863],[1.49836,48.97916],[1.47504,48.97953],[1.4661,48.98391],[1.47059,48.9918],[1.47875,48.99889],[1.47632,49.0165],[1.45776,49.02629],[1.44992,49.04763],[1.45717,49.05897],[1.46893,49.05997],[1.48295,49.05248],[1.49737,49.05826],[1.51247,49.07468],[1.50634,49.08472],[1.51697,49.07601],[1.52365,49.06909],[1.53865,49.07261],[1.55083,49.07257],[1.5653,49.07172],[1.57341,49.07848],[1.58772,49.08123],[1.60508,49.08517],[1.61226,49.07998],[1.62319,49.09088],[1.62202,49.10104],[1.63275,49.1124],[1.64557,49.12075],[1.65035,49.12721],[1.65734,49.13585],[1.65306,49.14463],[1.66347,49.15485],[1.66468,49.16587],[1.66769,49.17754],[1.66907,49.18667],[1.67688,49.20318],[1.67742,49.21329],[1.6889,49.21835],[1.69881,49.226],[1.70515,49.23427],[1.71238,49.2389],[1.72149,49.23098],[1.73852,49.2241],[1.73369,49.21096],[1.72012,49.20679],[1.72208,49.2025],[1.72682,49.19489],[1.74109,49.18837],[1.754,49.17508],[1.78637,49.18308],[1.79368,49.18364],[1.81384,49.17802],[1.81567,49.17484],[1.82796,49.17804],[1.83546,49.16954],[1.84555,49.1699],[1.86801,49.17187],[1.88257,49.16249],[1.9109,49.1696],[1.92618,49.17333],[1.9424,49.16997],[1.96453,49.17676],[1.98399,49.17966],[2.00184,49.17594],[2.03356,49.18811],[2.05397,49.19897],[2.07491,49.20869],[2.08283,49.20569],[2.09073,49.2017],[2.08946,49.19604],[2.09771,49.18917],[2.11104,49.18699],[2.1281,49.19341],[2.13515,49.1883],[2.14705,49.1881],[2.16457,49.17967],[2.16393,49.16609],[2.17511,49.16947],[2.17495,49.17501],[2.1924,49.17362],[2.20968,49.17553],[2.23077,49.1708],[2.22258,49.15933],[2.24158,49.15157],[2.26812,49.15571],[2.28641,49.15992],[2.2888,49.17071],[2.29943,49.17584],[2.31093,49.18641],[2.32356,49.1793],[2.34907,49.15912],[2.35598,49.14869],[2.36485,49.1523],[2.37238,49.15937],[2.39746,49.15011],[2.42542,49.14945],[2.43753,49.13434],[2.46249,49.13912],[2.47158,49.13543],[2.50326,49.11758],[2.5052,49.10365],[2.53106,49.0996],[2.54367,49.11972],[2.54897,49.12196],[2.55261,49.11107],[2.55817,49.09839],[2.57042,49.09453],[2.57785,49.08804],[2.59052,49.07965]]]},"properties":{"code":"11","nom":"Île-de-France"}},{"type":"Feature","geometry":{"type":"Polygon","coordinates":[[[2.87463,47.52042],[2.89819,47.48392],[2.92485,47.45051],[2.91953,47.41253],[2.89802,47.37797],[2.86954,47.3399],[2.90777,47.31099],[2.95547,47.27913],[2.98022,47.24786],[2.99974,47.19688],[3.02021,47.15174],[3.03008,47.10373],[3.01871,47.07078],[3.05228,47.04971],[3.07581,47.02342],[3.06334,46.97775],[3.07229,46.94513],[3.0503,46.90613],[3.06785,46.87444],[3.06485,46.84603],[3.04577,46.81624],[3.02465,46.79401],[2.98525,46.80202],[2.95373,46.79549],[2.93152,46.79575],[2.90666,46.77864],[2.87384,46.75888],[2.84467,46.73337],[2.81958,46.7351],[2.7859,46.7225],[2.76503,46.72096],[2.73992,46.74116],[2.7145,46.74449],[2.70077,46.72802],[2.69169,46.7196],[2.67488,46.7102],[2.65473,46.69654],[2.62344,46.68776],[2.63129,46.66602],[2.60672,46.66562],[2.58449,46.66423],[2.56674,46.65293],[2.5964,46.63897],[2.58688,46.61466],[2.586,46.59338],[2.60029,46.5919],[2.60814,46.57313],[2.60919,46.55941],[2.58923,46.54456],[2.56153,46.5309],[2.54012,46.52168],[2.52326,46.52922],[2.50551,46.52146],[2.46858,46.52601],[2.44178,46.52307],[2.41695,46.52057],[2.34565,46.50711],[2.32377,46.49011],[2.32553,46.47296],[2.29683,46.46319],[2.28045,46.42985],[2.25483,46.42299],[2.22367,46.42266],[2.19419,46.42599],[2.15348,46.42257],[2.12037,46.42205],[2.10421,46.41195],[2.07544,46.41746],[2.02595,46.42764],[1.9883,46.4345],[1.9466,46.43491],[1.92053,46.44008],[1.89568,46.4394],[1.88456,46.4343],[1.84508,46.42862],[1.81845,46.43142],[1.80116,46.44952],[1.76072,46.45261],[1.75882,46.44026],[1.75055,46.40558],[1.71351,46.3919],[1.69772,46.40157],[1.68677,46.41482],[1.65648,46.39755],[1.63273,46.38908],[1.61992,46.39877],[1.62001,46.42166],[1.59621,46.41103],[1.57144,46.40623],[1.5462,46.39346],[1.54428,46.41756],[1.52671,46.42686],[1.50692,46.41091],[1.49764,46.3972],[1.46696,46.37979],[1.44643,46.375],[1.43593,46.36192],[1.42717,46.35302],[1.40903,46.36134],[1.37752,46.38281],[1.33805,46.39816],[1.31877,46.39268],[1.30796,46.37986],[1.29566,46.37398],[1.24511,46.37324],[1.22128,46.3686],[1.20973,46.38976],[1.18599,46.37797],[1.19211,46.40547],[1.21099,46.42937],[1.18649,46.42813],[1.17517,46.44322],[1.14144,46.47081],[1.13848,46.48941],[1.14594,46.5064],[1.09133,46.53767],[1.05411,46.53717],[1.02291,46.53591],[1.01476,46.56776],[0.98581,46.56985],[0.95874,46.5751],[0.93785,46.58587],[0.91602,46.5993],[0.90453,46.61434],[0.89891,46.63663],[0.91324,46.65796],[0.90266,46.68001],[0.92796,46.69539],[0.91323,46.72571],[0.88778,46.7379],[0.86495,46.75201],[0.8418,46.76773],[0.82421,46.78779],[0.81646,46.80487],[0.8008,46.83206],[0.79645,46.84681],[0.7664,46.85629],[0.75686,46.85999],[0.73253,46.87755],[0.70458,46.91203],[0.7047,46.93196],[0.69372,46.9732],[0.65646,46.98543],[0.62398,46.99369],[0.60116,47.00608],[0.57112,46.99775],[0.59354,46.97762],[0.59389,46.95638],[0.54336,46.96042],[0.50519,46.9599],[0.45109,46.94179],[0.42435,46.93433],[0.37944,46.9446],[0.34929,46.93724],[0.31007,46.94079],[0.30508,46.96517],[0.30655,46.97992],[0.29696,46.99005],[0.30703,47.01097],[0.30665,47.03507],[0.29167,47.05142],[0.26429,47.04635],[0.26453,47.06223],[0.2345,47.06758],[0.20406,47.05635],[0.17997,47.05919],[0.18214,47.07898],[0.1966,47.09477],[0.18316,47.11438],[0.15298,47.10444],[0.14039,47.12387],[0.11498,47.12927],[0.09693,47.12118],[0.07637,47.12393],[0.06554,47.14775],[0.05799,47.16875],[0.05421,47.19531],[0.067,47.21142],[0.07315,47.22385],[0.07495,47.24999],[0.08387,47.275],[0.09401,47.30278],[0.11746,47.33234],[0.14593,47.35467],[0.17971,47.37879],[0.1695,47.39564],[0.17172,47.41112],[0.18259,47.43886],[0.19493,47.47495],[0.21443,47.49848],[0.22606,47.52659],[0.20671,47.53235],[0.20408,47.54814],[0.2139,47.56856],[0.23439,47.58009],[0.2321,47.61082],[0.26245,47.60885],[0.3052,47.59539],[0.33332,47.5871],[0.35804,47.57502],[0.38437,47.57227],[0.39696,47.59399],[0.36955,47.61598],[0.38685,47.64132],[0.41369,47.62616],[0.44167,47.61991],[0.45941,47.64085],[0.48995,47.64517],[0.51612,47.65664],[0.54104,47.65627],[0.55879,47.6708],[0.60451,47.67817],[0.61443,47.69421],[0.5933,47.70088],[0.5905,47.72089],[0.62052,47.73888],[0.64315,47.75275],[0.68168,47.76797],[0.70344,47.76994],[0.7041,47.78983],[0.72289,47.79724],[0.73841,47.8159],[0.75886,47.83354],[0.77387,47.85033],[0.76127,47.8781],[0.76123,47.89982],[0.79374,47.90866],[0.81461,47.89005],[0.80754,47.9079],[0.81406,47.93232],[0.84512,47.94126],[0.8422,47.95944],[0.82677,47.97444],[0.8299,47.99413],[0.83732,48.01586],[0.83126,48.0335],[0.81057,48.03251],[0.79705,48.03837],[0.7978,48.0658],[0.81833,48.07025],[0.84491,48.0818],[0.84414,48.09478],[0.83036,48.09087],[0.81435,48.0988],[0.86531,48.13449],[0.89464,48.1357],[0.91146,48.14697],[0.88337,48.16169],[0.85239,48.16638],[0.82677,48.17594],[0.80058,48.18883],[0.80562,48.20535],[0.8259,48.22072],[0.80526,48.24055],[0.79144,48.26101],[0.79342,48.28406],[0.78583,48.29889],[0.7593,48.30014],[0.76945,48.31607],[0.7879,48.34109],[0.81841,48.34942],[0.84238,48.34669],[0.85196,48.34866],[0.8813,48.35578],[0.90445,48.37272],[0.91659,48.3796],[0.93613,48.39529],[0.94377,48.41003],[0.96555,48.43081],[0.95591,48.44441],[0.94189,48.45755],[0.9448,48.47705],[0.94743,48.49458],[0.95849,48.51068],[0.94954,48.52825],[0.9251,48.53564],[0.93412,48.55428],[0.89358,48.5718],[0.84957,48.58432],[0.83957,48.60815],[0.81822,48.61444],[0.82467,48.63377],[0.81878,48.65834],[0.8196,48.67422],[0.84931,48.68172],[0.86535,48.69727],[0.8863,48.71732],[0.91239,48.71086],[0.94714,48.71436],[0.96953,48.72803],[1.00368,48.72699],[1.02493,48.73376],[1.0339,48.73935],[1.05907,48.75676],[1.07648,48.74994],[1.09159,48.75119],[1.10522,48.74972],[1.11917,48.75563],[1.12034,48.77062],[1.1214,48.78919],[1.15079,48.78137],[1.17091,48.7702],[1.21086,48.76372],[1.22791,48.76771],[1.25454,48.75863],[1.28993,48.76541],[1.31871,48.76208],[1.3481,48.77547],[1.37479,48.78118],[1.35924,48.81361],[1.36138,48.83364],[1.39311,48.84829],[1.41705,48.86162],[1.45609,48.87065],[1.47088,48.89446],[1.46061,48.90725],[1.44796,48.92464],[1.49013,48.93615],[1.50845,48.93097],[1.53547,48.92241],[1.53917,48.90489],[1.55725,48.89158],[1.54836,48.87595],[1.57392,48.86326],[1.58662,48.8432],[1.57898,48.82944],[1.57725,48.8052],[1.57603,48.78743],[1.58281,48.76237],[1.6218,48.74194],[1.60124,48.72051],[1.58033,48.70148],[1.61177,48.68947],[1.60234,48.66498],[1.63561,48.64923],[1.65042,48.63744],[1.65991,48.61893],[1.68143,48.61887],[1.69258,48.61464],[1.71877,48.60574],[1.72327,48.57437],[1.75871,48.57316],[1.77818,48.55263],[1.77837,48.51768],[1.78938,48.49423],[1.79525,48.47748],[1.81573,48.4657],[1.84416,48.44938],[1.86402,48.442],[1.89689,48.43893],[1.92215,48.4576],[1.94033,48.44166],[1.93747,48.42641],[1.93212,48.40341],[1.97651,48.39952],[1.97631,48.38027],[1.98415,48.36834],[1.97291,48.35405],[1.98234,48.32832],[1.96944,48.31423],[1.96923,48.29644],[1.97509,48.28801],[2.00724,48.28469],[2.03694,48.28638],[2.06728,48.29402],[2.09985,48.30493],[2.16375,48.29843],[2.17475,48.31428],[2.18812,48.32805],[2.20188,48.34308],[2.21961,48.33552],[2.23619,48.33095],[2.23805,48.31637],[2.25283,48.30051],[2.26891,48.31352],[2.30021,48.31123],[2.31718,48.33157],[2.33478,48.32739],[2.35407,48.31302],[2.38262,48.31123],[2.40414,48.31757],[2.42129,48.29619],[2.41984,48.27503],[2.4269,48.25969],[2.45016,48.25004],[2.48768,48.23941],[2.51833,48.22759],[2.51851,48.20133],[2.51395,48.18583],[2.51436,48.16865],[2.47838,48.15674],[2.4546,48.13564],[2.45438,48.12237],[2.5161,48.12648],[2.54853,48.14063],[2.60268,48.13149],[2.6604,48.1241],[2.69413,48.12531],[2.75082,48.145],[2.74275,48.1596],[2.76724,48.1649],[2.79302,48.16588],[2.81142,48.16376],[2.79864,48.15016],[2.80739,48.13102],[2.83882,48.13647],[2.86682,48.15604],[2.96041,48.15495],[2.99126,48.1506],[3.01215,48.14446],[3.01588,48.11571],[3.04033,48.09618],[3.05047,48.07233],[3.08832,48.05394],[3.09923,48.03849],[3.11955,48.0259],[3.10226,48.01698],[3.1232,48.00105],[3.12172,47.9868],[3.11146,47.95787],[3.09769,47.94609],[3.06461,47.93052],[3.05049,47.91064],[3.018,47.90616],[3.0099,47.88961],[2.99846,47.86858],[3.02675,47.85911],[3.03108,47.83795],[3.01662,47.82036],[3.02737,47.79934],[2.99291,47.7865],[2.95068,47.77009],[2.91763,47.76801],[2.88445,47.76458],[2.85343,47.75918],[2.85483,47.74009],[2.84923,47.72296],[2.8807,47.71782],[2.89522,47.6982],[2.92109,47.68305],[2.93531,47.65734],[2.93629,47.63665],[2.93739,47.61614],[2.94345,47.59317],[2.96409,47.58002],[2.95706,47.55793],[2.89789,47.55441],[2.87322,47.54512],[2.84859,47.54605],[2.87463,47.52042]]]},"properties":{"code":"24","nom":"Centre-Val de Loire"}},{"type":"Feature","geometry":{"type":"Polygon","coordinates":[[[3.62942,46.74946],[3.58865,46.76134],[3.5909,46.73374],[3.57208,46.72076],[3.55039,46.71586],[3.54648,46.67829],[3.5216,46.6858],[3.48728,46.65776],[3.44696,46.66077],[3.45519,46.68251],[3.43097,46.6975],[3.41911,46.71241],[3.37855,46.71238],[3.33848,46.68507],[3.3064,46.70092],[3.26781,46.7155],[3.22852,46.69629],[3.20978,46.68172],[3.1761,46.68922],[3.13107,46.72629],[3.07769,46.74105],[3.03722,46.77342],[3.04034,46.81128],[3.06485,46.84603],[3.06674,46.87931],[3.05707,46.92179],[3.07652,46.96112],[3.06807,47.00616],[3.05469,47.04767],[3.01949,47.07442],[3.02938,47.11151],[3.01357,47.16973],[2.98168,47.222],[2.96374,47.27382],[2.91231,47.30886],[2.87039,47.34315],[2.90081,47.3852],[2.92892,47.42944],[2.91091,47.47393],[2.88471,47.51282],[2.84519,47.54493],[2.87443,47.54642],[2.90684,47.55832],[2.97654,47.56943],[2.95499,47.59041],[2.94146,47.61076],[2.93629,47.63665],[2.92662,47.659],[2.91462,47.68766],[2.88407,47.70765],[2.85508,47.71547],[2.85579,47.73966],[2.85343,47.75918],[2.89066,47.76518],[2.92816,47.76426],[2.96718,47.77765],[3.02518,47.79018],[3.01776,47.82068],[3.03108,47.83795],[3.02076,47.86086],[3.01244,47.87413],[3.01241,47.90286],[3.03696,47.90879],[3.06438,47.92809],[3.09769,47.94609],[3.11435,47.96352],[3.12508,47.99177],[3.11542,48.01297],[3.11341,48.02724],[3.09923,48.03849],[3.08605,48.05512],[3.04976,48.08636],[3.03529,48.11599],[3.02312,48.13567],[2.99334,48.14506],[2.96041,48.15495],[2.93475,48.17882],[2.97377,48.19849],[2.99498,48.20543],[3.01892,48.23177],[3.04624,48.25578],[3.02977,48.28584],[3.01478,48.30622],[3.04187,48.32916],[3.04032,48.34758],[3.08172,48.36049],[3.10733,48.35407],[3.13503,48.37059],[3.15707,48.37215],[3.19378,48.36916],[3.23284,48.37033],[3.26089,48.37301],[3.29126,48.38005],[3.31207,48.37723],[3.35656,48.37845],[3.37348,48.3935],[3.39549,48.39244],[3.42256,48.36826],[3.44833,48.36837],[3.47424,48.37063],[3.52164,48.35148],[3.56556,48.31895],[3.58264,48.30118],[3.58718,48.28017],[3.62108,48.26477],[3.60079,48.23307],[3.61544,48.21803],[3.57898,48.19005],[3.62166,48.19198],[3.65685,48.16321],[3.69298,48.15462],[3.72216,48.15989],[3.74642,48.16708],[3.73983,48.1346],[3.77145,48.1312],[3.79461,48.11136],[3.79806,48.09081],[3.82635,48.06361],[3.8243,48.0429],[3.85659,48.02301],[3.87068,48.00295],[3.84001,48.00146],[3.86592,47.9844],[3.88191,47.99025],[3.89546,48.00019],[3.9071,47.96343],[3.89946,47.94073],[3.9138,47.93024],[3.95955,47.93569],[3.99988,47.93931],[4.02386,47.92915],[4.05595,47.9366],[4.09033,47.94374],[4.10706,47.92981],[4.13397,47.93795],[4.16036,47.95778],[4.18533,47.94439],[4.20725,47.95281],[4.20201,47.96158],[4.22596,47.97194],[4.23714,47.94068],[4.27374,47.92348],[4.3005,47.94683],[4.31979,47.95946],[4.36785,47.96137],[4.39918,47.96389],[4.43314,47.96234],[4.47311,47.96229],[4.53156,47.96993],[4.54093,47.99212],[4.56328,48.01522],[4.60683,48.02846],[4.63963,48.02548],[4.68676,48.02072],[4.71994,48.0089],[4.7808,48.00719],[4.80784,47.99029],[4.78772,47.97138],[4.81942,47.96036],[4.85774,47.95207],[4.84822,47.9291],[4.83404,47.90679],[4.86725,47.91169],[4.90596,47.91647],[4.92936,47.87749],[4.96256,47.85407],[4.98042,47.83018],[4.99386,47.81291],[4.98226,47.80009],[4.92203,47.7797],[4.92539,47.76253],[4.95082,47.76264],[4.96493,47.74437],[4.97166,47.72941],[4.95683,47.70869],[4.96909,47.68583],[5.00289,47.69802],[5.0248,47.70935],[5.04172,47.69343],[5.04359,47.67652],[5.06794,47.66816],[5.09905,47.65919],[5.12259,47.64707],[5.14414,47.6568],[5.16095,47.67597],[5.17456,47.6563],[5.21519,47.63905],[5.23744,47.62095],[5.23802,47.59654],[5.26854,47.58146],[5.29184,47.59752],[5.32234,47.61236],[5.34313,47.59967],[5.36554,47.60291],[5.3726,47.61839],[5.40575,47.64687],[5.41389,47.67496],[5.44856,47.67183],[5.48277,47.68463],[5.52454,47.67315],[5.55824,47.69715],[5.58509,47.70015],[5.59432,47.67666],[5.63026,47.67696],[5.66772,47.68543],[5.69387,47.69535],[5.68576,47.71368],[5.68966,47.73404],[5.70921,47.76372],[5.67661,47.77916],[5.68357,47.81097],[5.72067,47.82068],[5.75108,47.82903],[5.74965,47.85247],[5.78468,47.85528],[5.82266,47.85126],[5.82241,47.85748],[5.82954,47.87838],[5.84839,47.90433],[5.8873,47.90364],[5.89353,47.92942],[5.91804,47.94736],[5.92912,47.97519],[5.96013,47.96803],[5.93731,47.94793],[5.94939,47.93545],[5.97572,47.95791],[6.00527,47.95784],[6.01729,47.9725],[6.03225,47.99187],[6.08081,48.01279],[6.13439,48.02007],[6.15334,48.00105],[6.16375,47.97527],[6.15706,47.96793],[6.18354,47.95508],[6.2083,47.94198],[6.23863,47.93345],[6.29927,47.95397],[6.34833,47.95675],[6.38516,47.95899],[6.40842,47.94319],[6.44125,47.93115],[6.46044,47.91345],[6.47581,47.88833],[6.53793,47.90254],[6.56342,47.93139],[6.60737,47.94379],[6.63308,47.92142],[6.66298,47.89712],[6.69689,47.88271],[6.7306,47.86622],[6.75605,47.85918],[6.79255,47.8405],[6.81121,47.82149],[6.83591,47.82176],[6.84855,47.80448],[6.87139,47.7817],[6.91905,47.77398],[6.95474,47.76099],[6.98818,47.74782],[7.02544,47.73118],[7.02738,47.70475],[7.04011,47.68572],[7.04631,47.6715],[7.01981,47.65068],[7.01355,47.63494],[7.00791,47.62302],[7.00738,47.60654],[7.01574,47.59179],[7.04774,47.60083],[7.07177,47.59648],[7.08599,47.58699],[7.10842,47.56303],[7.126,47.54325],[7.14124,47.52214],[7.09409,47.49542],[7.05481,47.49491],[7.02472,47.5041],[6.98838,47.4839],[7.00114,47.46181],[6.97498,47.44768],[6.94054,47.43337],[6.91544,47.39864],[6.90483,47.38235],[6.8801,47.35913],[6.90413,47.35949],[6.9644,47.36034],[7.00726,47.36807],[7.03919,47.36394],[7.05561,47.34737],[7.03773,47.32778],[7.01353,47.30947],[6.97722,47.29656],[6.94714,47.29087],[6.95113,47.25972],[6.94073,47.23184],[6.90677,47.21459],[6.87357,47.18806],[6.84117,47.17126],[6.84646,47.15556],[6.81458,47.13535],[6.77735,47.12188],[6.74049,47.10947],[6.72715,47.09156],[6.70696,47.07773],[6.70056,47.05909],[6.69663,47.0374],[6.6536,47.02177],[6.60002,46.9925],[6.55311,46.97785],[6.4716,46.95586],[6.43267,46.9286],[6.43996,46.82321],[6.43848,46.7666],[6.39137,46.74089],[6.36426,46.72163],[6.29735,46.6942],[6.26765,46.67653],[6.21308,46.64111],[6.18735,46.62401],[6.14158,46.59786],[6.13811,46.55766],[6.1127,46.50964],[6.07687,46.45741],[6.05717,46.41631],[6.03615,46.3916],[6.01127,46.37503],[5.98142,46.35667],[5.9597,46.33426],[5.94094,46.31005],[5.91646,46.29371],[5.87836,46.26924],[5.84334,46.26281],[5.76887,46.26797],[5.71605,46.27991],[5.70869,46.30985],[5.66684,46.32473],[5.64314,46.34478],[5.61046,46.32422],[5.5974,46.29717],[5.55712,46.28149],[5.50912,46.26455],[5.47221,46.26734],[5.45891,46.29071],[5.46815,46.31873],[5.4443,46.31871],[5.41842,46.34603],[5.41084,46.31175],[5.39257,46.34065],[5.37448,46.36467],[5.37147,46.3829],[5.35347,46.39738],[5.32829,46.40206],[5.30699,46.41477],[5.31819,46.42668],[5.31416,46.44343],[5.28748,46.44733],[5.25396,46.45616],[5.22554,46.46827],[5.21142,46.48065],[5.20334,46.49922],[5.18378,46.50925],[5.16535,46.50697],[5.13444,46.50548],[5.10494,46.49337],[5.08131,46.49003],[5.04877,46.48716],[5.02047,46.49873],[4.99817,46.51163],[4.97168,46.50725],[4.94413,46.50501],[4.94327,46.51891],[4.92699,46.49925],[4.91354,46.46074],[4.88799,46.41326],[4.8542,46.36071],[4.83651,46.30404],[4.81196,46.26186],[4.79495,46.21938],[4.77089,46.17539],[4.73847,46.1764],[4.72166,46.1904],[4.73322,46.21314],[4.7209,46.22947],[4.72442,46.24182],[4.70075,46.25069],[4.68189,46.26489],[4.70421,46.27116],[4.69472,46.29205],[4.67392,46.29994],[4.65273,46.30402],[4.63624,46.29014],[4.62122,46.26793],[4.58377,46.26949],[4.56883,46.29385],[4.54821,46.28383],[4.51272,46.26778],[4.48846,46.28799],[4.45003,46.29601],[4.41387,46.29617],[4.39845,46.2763],[4.39096,46.24998],[4.38592,46.22604],[4.37315,46.20917],[4.36959,46.19344],[4.35833,46.1832],[4.32988,46.18321],[4.30475,46.17411],[4.28461,46.15812],[4.24866,46.16711],[4.25221,46.18694],[4.22703,46.17822],[4.19177,46.18921],[4.18844,46.17513],[4.12536,46.18334],[4.09542,46.19457],[4.06284,46.18912],[4.03818,46.17524],[3.98586,46.17133],[3.97258,46.19708],[3.93352,46.20642],[3.89013,46.21449],[3.89885,46.2406],[3.9085,46.25576],[3.89953,46.27591],[3.91357,46.29668],[3.94578,46.32124],[3.98402,46.31872],[3.99605,46.32808],[3.98739,46.35075],[3.97995,46.39265],[3.98662,46.42172],[4.00554,46.44246],[3.98991,46.46995],[3.95233,46.47849],[3.92811,46.49215],[3.88668,46.48305],[3.86473,46.51102],[3.84647,46.52436],[3.80728,46.51934],[3.77253,46.5385],[3.7347,46.54545],[3.73585,46.59016],[3.71286,46.61023],[3.70919,46.63533],[3.67673,46.66991],[3.65547,46.68775],[3.63828,46.72038],[3.62942,46.74946]]]},"properties":{"code":"27","nom":"Bourgogne-Franche-Comté"}},{"type":"Feature","geometry":{"type":"MultiPolygon","coordinates":[[[[-1.11962,49.35557],[-1.10197,49.37136],[-1.06483,49.39038],[-1.0259,49.39179],[-0.97532,49.39522],[-0.92445,49.39249],[-0.87545,49.36957],[-0.79149,49.35406],[-0.73298,49.34798],[-0.68729,49.34635],[-0.6367,49.34348],[-0.55325,49.3461],[-0.47326,49.33827],[-0.41105,49.33522],[-0.34336,49.31598],[-0.29391,49.29607],[-0.21706,49.28489],[-0.15789,49.28713],[-0.08563,49.2988],[-0.02699,49.31819],[0.03856,49.34498],[0.08268,49.37257],[0.11169,49.3953],[0.1594,49.41011],[0.21161,49.42391],[0.28299,49.42883],[0.33932,49.44987],[0.27204,49.44245],[0.24045,49.45047],[0.19246,49.45146],[0.09003,49.48323],[0.06655,49.51007],[0.07493,49.53633],[0.10674,49.5835],[0.13587,49.6186],[0.15453,49.64864],[0.15972,49.67082],[0.17228,49.69229],[0.20599,49.71419],[0.25973,49.72775],[0.30655,49.74127],[0.35492,49.75501],[0.39173,49.77352],[0.42812,49.78622],[0.48266,49.80766],[0.52822,49.82916],[0.58852,49.85328],[0.64004,49.86372],[0.69787,49.87133],[0.74373,49.87143],[0.8206,49.8849],[0.90251,49.90151],[0.96319,49.91986],[1.02324,49.91623],[1.0897,49.9371],[1.13992,49.94896],[1.19623,49.96935],[1.22297,49.98539],[1.2878,50.02223],[1.34252,50.0519],[1.38065,50.06437],[1.39732,50.05829],[1.42218,50.06823],[1.44185,50.06959],[1.45549,50.0488],[1.45913,50.03677],[1.48632,50.023],[1.5055,50.01567],[1.523,50.00365],[1.54734,49.98741],[1.57277,49.97486],[1.58987,49.95532],[1.61345,49.93883],[1.64417,49.93007],[1.67012,49.92182],[1.68571,49.90653],[1.71022,49.88931],[1.71582,49.86525],[1.71973,49.84778],[1.72692,49.82839],[1.74079,49.80742],[1.75752,49.78646],[1.77894,49.77101],[1.77508,49.75732],[1.74507,49.75447],[1.73682,49.73605],[1.71283,49.72481],[1.70557,49.70702],[1.70471,49.68202],[1.74009,49.70135],[1.75218,49.68096],[1.72276,49.66305],[1.70191,49.64145],[1.71493,49.61341],[1.70114,49.59877],[1.71733,49.58833],[1.70136,49.58249],[1.69455,49.57468],[1.71541,49.57542],[1.72434,49.54642],[1.74439,49.53461],[1.72649,49.51387],[1.72546,49.49979],[1.74376,49.48942],[1.75803,49.50878],[1.77666,49.51076],[1.79053,49.49793],[1.77658,49.48769],[1.77586,49.47133],[1.74773,49.4586],[1.73365,49.44248],[1.7226,49.43279],[1.71497,49.41476],[1.73457,49.40732],[1.72003,49.39527],[1.74489,49.38003],[1.75996,49.36307],[1.76557,49.34273],[1.76827,49.32363],[1.77326,49.30719],[1.77751,49.28981],[1.79323,49.27433],[1.78342,49.24852],[1.759,49.2627],[1.74472,49.26824],[1.70792,49.26009],[1.70132,49.23933],[1.69164,49.22345],[1.67689,49.21167],[1.67135,49.191],[1.66881,49.17116],[1.65622,49.14846],[1.65599,49.13039],[1.64172,49.11645],[1.62202,49.10104],[1.61226,49.07998],[1.58965,49.0811],[1.56924,49.07328],[1.54515,49.07222],[1.52041,49.06958],[1.50918,49.08342],[1.49737,49.05826],[1.47245,49.05779],[1.44728,49.05351],[1.47005,49.01915],[1.47425,48.99764],[1.46754,48.97937],[1.49836,48.97916],[1.50538,48.97256],[1.50547,48.95231],[1.48065,48.94049],[1.45243,48.9222],[1.46066,48.90103],[1.46558,48.88052],[1.4395,48.86463],[1.40293,48.85876],[1.37789,48.84205],[1.35947,48.82044],[1.37696,48.79177],[1.3614,48.78008],[1.32981,48.76096],[1.29694,48.76823],[1.27022,48.75748],[1.2404,48.76904],[1.21863,48.75997],[1.17526,48.77069],[1.14817,48.77959],[1.12897,48.78842],[1.12034,48.77062],[1.11865,48.75459],[1.10346,48.74903],[1.08996,48.75409],[1.07225,48.74936],[1.05572,48.75277],[1.03587,48.73361],[1.01901,48.73378],[0.99426,48.72634],[0.96145,48.72572],[0.9317,48.71245],[0.89961,48.71053],[0.86942,48.70641],[0.86387,48.68762],[0.83133,48.68126],[0.80969,48.66244],[0.82319,48.63848],[0.82263,48.62291],[0.83305,48.61077],[0.84989,48.59161],[0.88016,48.5741],[0.93124,48.55518],[0.92473,48.53684],[0.94954,48.52825],[0.95849,48.51068],[0.94996,48.49345],[0.9414,48.47764],[0.94538,48.45638],[0.96932,48.44134],[0.95514,48.42349],[0.94622,48.40638],[0.92904,48.38864],[0.91284,48.37395],[0.89174,48.36595],[0.87161,48.35971],[0.84023,48.35089],[0.82854,48.34246],[0.80366,48.34518],[0.77669,48.32848],[0.7612,48.30633],[0.78081,48.30219],[0.79772,48.2869],[0.7911,48.26558],[0.80157,48.245],[0.82396,48.22236],[0.81049,48.20631],[0.77726,48.18826],[0.74194,48.1866],[0.72224,48.20406],[0.70652,48.21863],[0.69739,48.23307],[0.682,48.24893],[0.66496,48.26082],[0.63187,48.24958],[0.63049,48.23923],[0.60787,48.24449],[0.56865,48.24568],[0.54394,48.24934],[0.51812,48.26687],[0.49888,48.28104],[0.50703,48.29583],[0.47663,48.29929],[0.44281,48.30463],[0.42606,48.31797],[0.40417,48.31531],[0.38693,48.33039],[0.38688,48.35247],[0.37878,48.38026],[0.37297,48.40773],[0.37851,48.42685],[0.36422,48.44644],[0.35056,48.45875],[0.33148,48.46742],[0.30782,48.47526],[0.27118,48.48126],[0.24442,48.47389],[0.21627,48.47269],[0.19049,48.46186],[0.17314,48.45019],[0.14557,48.45731],[0.15779,48.44081],[0.1202,48.43644],[0.10014,48.41013],[0.06604,48.40527],[0.06078,48.37962],[0.01531,48.38167],[0.00341,48.39357],[-0.02077,48.3865],[-0.0423,48.37925],[-0.05513,48.38316],[-0.05776,48.40866],[-0.0527,48.43729],[-0.06412,48.45692],[-0.08909,48.45006],[-0.14363,48.45473],[-0.15352,48.47695],[-0.16668,48.50203],[-0.16724,48.51303],[-0.1446,48.52775],[-0.17366,48.54151],[-0.20532,48.56065],[-0.23926,48.56533],[-0.25869,48.55062],[-0.25094,48.52673],[-0.26754,48.51352],[-0.28904,48.51699],[-0.32493,48.51926],[-0.34277,48.50085],[-0.35179,48.48623],[-0.37575,48.4961],[-0.39206,48.50709],[-0.41518,48.50671],[-0.43628,48.51335],[-0.46708,48.51309],[-0.47727,48.50312],[-0.50008,48.50417],[-0.51568,48.49982],[-0.54733,48.48174],[-0.56713,48.4751],[-0.59357,48.47232],[-0.62502,48.45728],[-0.65391,48.45071],[-0.66248,48.47627],[-0.67464,48.48495],[-0.68172,48.47095],[-0.705,48.47559],[-0.7311,48.47282],[-0.7262,48.45629],[-0.72728,48.44479],[-0.75449,48.43748],[-0.77985,48.44835],[-0.7845,48.46411],[-0.80513,48.45761],[-0.81783,48.47008],[-0.83222,48.48263],[-0.84803,48.49925],[-0.88141,48.49925],[-0.91053,48.49923],[-0.93899,48.51511],[-0.96213,48.50421],[-0.97788,48.4935],[-1.0092,48.49217],[-1.03592,48.50182],[-1.05656,48.51345],[-1.08194,48.5112],[-1.11632,48.52154],[-1.15648,48.52039],[-1.19025,48.52845],[-1.20638,48.53883],[-1.23121,48.53743],[-1.26233,48.54027],[-1.27761,48.51539],[-1.29016,48.50712],[-1.31733,48.49592],[-1.32894,48.48632],[-1.34714,48.47682],[-1.36784,48.46201],[-1.39762,48.46198],[-1.42569,48.46173],[-1.43713,48.47886],[-1.46186,48.48541],[-1.48995,48.48937],[-1.4952,48.50689],[-1.50797,48.52289],[-1.5159,48.53792],[-1.53308,48.55332],[-1.52739,48.56473],[-1.52775,48.57907],[-1.53795,48.59949],[-1.57109,48.62645],[-1.51094,48.61877],[-1.45428,48.62572],[-1.42553,48.63793],[-1.41352,48.64166],[-1.38237,48.64026],[-1.35332,48.63341],[-1.38734,48.65134],[-1.38647,48.67519],[-1.37996,48.68643],[-1.41859,48.67026],[-1.44717,48.65739],[-1.47839,48.6834],[-1.50975,48.69765],[-1.52317,48.72253],[-1.55272,48.73243],[-1.57261,48.75777],[-1.57214,48.8124],[-1.59083,48.83261],[-1.60569,48.83745],[-1.58159,48.8544],[-1.56434,48.92158],[-1.55935,48.92422],[-1.55664,48.90166],[-1.55161,48.90634],[-1.54531,48.93686],[-1.56134,48.94946],[-1.55967,48.99684],[-1.55096,48.9889],[-1.55369,49.00699],[-1.54461,49.02999],[-1.51666,49.02454],[-1.5144,49.02989],[-1.55063,49.03789],[-1.57291,49.02327],[-1.57653,49.00328],[-1.59888,49.03737],[-1.59654,49.06739],[-1.60827,49.07518],[-1.5981,49.12236],[-1.58629,49.13951],[-1.59771,49.16136],[-1.60515,49.20374],[-1.60465,49.21726],[-1.57347,49.22455],[-1.60892,49.23207],[-1.62478,49.21383],[-1.65098,49.2361],[-1.67839,49.28207],[-1.65643,49.27888],[-1.68775,49.29062],[-1.71117,49.3251],[-1.67792,49.32963],[-1.69531,49.33079],[-1.71781,49.32558],[-1.76472,49.36356],[-1.77518,49.37479],[-1.77004,49.3784],[-1.79616,49.37251],[-1.82366,49.40147],[-1.82677,49.45292],[-1.84483,49.48649],[-1.87157,49.51303],[-1.88548,49.52999],[-1.86873,49.54844],[-1.84692,49.56367],[-1.8419,49.59097],[-1.86687,49.65414],[-1.89533,49.66406],[-1.92913,49.67204],[-1.94694,49.67661],[-1.93802,49.69586],[-1.9435,49.71412],[-1.94219,49.7261],[-1.91408,49.72393],[-1.89652,49.71377],[-1.86339,49.71372],[-1.85052,49.7135],[-1.83353,49.70312],[-1.82286,49.69031],[-1.7851,49.68541],[-1.74278,49.67803],[-1.70444,49.67086],[-1.67833,49.66898],[-1.65191,49.65647],[-1.62824,49.64995],[-1.61193,49.64898],[-1.58936,49.65266],[-1.54776,49.6546],[-1.51914,49.65844],[-1.48989,49.66927],[-1.47549,49.68384],[-1.46975,49.69658],[-1.4389,49.69772],[-1.40887,49.70261],[-1.3571,49.70536],[-1.30508,49.69462],[-1.2662,49.69542],[-1.26193,49.67328],[-1.25183,49.66315],[-1.23851,49.65082],[-1.23063,49.62744],[-1.23421,49.60801],[-1.26379,49.59675],[-1.27322,49.5735],[-1.27716,49.58656],[-1.30553,49.57059],[-1.30636,49.53893],[-1.27464,49.50444],[-1.21593,49.44992],[-1.16468,49.40017],[-1.1791,49.37317],[-1.11962,49.35557]]],[[[-1.24053,49.58545],[-1.24371,49.58639],[-1.24488,49.58717],[-1.24801,49.5876],[-1.24895,49.58826],[-1.24911,49.59037],[-1.2474,49.59141],[-1.24458,49.59078],[-1.24274,49.59128],[-1.23912,49.58887],[-1.23896,49.58775],[-1.24053,49.58545]]],[[[-1.84184,48.87556],[-1.84264,48.8785],[-1.841,48.87789],[-1.84184,48.87556]]],[[[-1.5109,48.63502],[-1.5132,48.63585],[-1.5111,48.63695],[-1.50962,48.63597],[-1.5109,48.63502]]],[[[-1.82137,48.86824],[-1.82254,48.86852],[-1.8245,48.87061],[-1.82642,48.87077],[-1.83084,48.86822],[-1.83262,48.86901],[-1.83175,48.87007],[-1.83239,48.87203],[-1.83363,48.87298],[-1.83679,48.87313],[-1.83719,48.8763],[-1.83869,48.87783],[-1.83387,48.87747],[-1.8337,48.87603],[-1.83585,48.87565],[-1.83569,48.87466],[-1.83205,48.8752],[-1.82581,48.87245],[-1.8244,48.87277],[-1.82236,48.87204],[-1.82085,48.86854],[-1.82137,48.86824]]],[[[-1.76603,48.87183],[-1.76733,48.87277],[-1.76782,48.8745],[-1.76609,48.87506],[-1.76603,48.87183]]]]},"properties":{"code":"28","nom":"Normandie"}},{"type":"Feature","geometry":{"type":"Polygon","coordinates":[[[4.1409,49.97876],[4.16363,49.9758],[4.1935,49.96814],[4.20066,49.95624],[4.22829,49.95774],[4.22214,49.93992],[4.21981,49.91232],[4.25354,49.90396],[4.24876,49.85675],[4.22359,49.83411],[4.21427,49.80611],[4.20756,49.78109],[4.23131,49.77045],[4.244,49.75408],[4.22653,49.73648],[4.21665,49.72523],[4.19461,49.71745],[4.18649,49.70569],[4.16473,49.69387],[4.14859,49.67832],[4.12618,49.67318],[4.11642,49.63903],[4.09916,49.62835],[4.06897,49.63751],[4.04108,49.63827],[4.03385,49.62289],[4.05241,49.60004],[4.06185,49.58897],[4.06333,49.57122],[4.07171,49.56485],[4.06257,49.55627],[4.05464,49.54483],[4.07745,49.52942],[4.05662,49.52104],[4.04071,49.50853],[4.04713,49.46673],[4.06137,49.44956],[4.05486,49.44449],[4.03766,49.43826],[4.0493,49.41389],[4.03883,49.38815],[4.02791,49.35907],[4.0007,49.36868],[3.95675,49.38097],[3.93338,49.39954],[3.91033,49.39483],[3.87713,49.40539],[3.84527,49.40312],[3.82797,49.40034],[3.85419,49.3884],[3.85983,49.37266],[3.85011,49.36482],[3.85746,49.34886],[3.82291,49.35699],[3.77753,49.35582],[3.74222,49.33651],[3.6891,49.32685],[3.65504,49.31637],[3.64845,49.29395],[3.6516,49.27836],[3.6548,49.25619],[3.66497,49.25135],[3.67815,49.23533],[3.66357,49.22187],[3.65963,49.21068],[3.68003,49.19848],[3.70465,49.20066],[3.69928,49.18808],[3.72917,49.17689],[3.74987,49.16917],[3.71953,49.14881],[3.69803,49.14982],[3.6718,49.15064],[3.62766,49.15132],[3.60708,49.12389],[3.62305,49.10254],[3.63609,49.07518],[3.60316,49.06737],[3.5852,49.03887],[3.63133,49.03971],[3.66025,49.03708],[3.67775,49.01606],[3.63989,49.00409],[3.62121,48.96603],[3.5926,48.9585],[3.57649,48.93984],[3.57075,48.91492],[3.53093,48.9129],[3.50832,48.8904],[3.48961,48.86758],[3.46617,48.84252],[3.44674,48.84834],[3.43559,48.85955],[3.41067,48.86435],[3.40586,48.87588],[3.38046,48.87418],[3.38369,48.88891],[3.37611,48.91104],[3.36053,48.9184],[3.33648,48.90919],[3.31288,48.93362],[3.27377,48.93891],[3.25721,48.95249],[3.23656,48.97754],[3.22368,48.99004],[3.19607,49.00643],[3.16829,49.01667],[3.17692,49.03075],[3.18046,49.04449],[3.18183,49.06087],[3.15859,49.08774],[3.14106,49.10396],[3.12146,49.10931],[3.0948,49.11169],[3.07533,49.11521],[3.05935,49.10365],[3.06511,49.08702],[3.04658,49.0866],[3.00605,49.08645],[2.98884,49.08029],[2.97535,49.0742],[2.96103,49.08817],[2.9357,49.07828],[2.91745,49.07982],[2.88053,49.07597],[2.85014,49.07757],[2.81475,49.09198],[2.78887,49.08287],[2.77793,49.07023],[2.73286,49.06612],[2.71996,49.07839],[2.691,49.06658],[2.66572,49.09304],[2.64071,49.10103],[2.62729,49.10223],[2.60818,49.09013],[2.57885,49.08445],[2.56664,49.09419],[2.55261,49.11107],[2.53976,49.11645],[2.52655,49.10087],[2.49159,49.11131],[2.46755,49.13504],[2.43753,49.13434],[2.4131,49.15235],[2.37023,49.15677],[2.35771,49.14851],[2.33611,49.17027],[2.31059,49.18488],[2.29019,49.17154],[2.28107,49.15896],[2.24158,49.15157],[2.23436,49.166],[2.20496,49.17432],[2.1761,49.17603],[2.17113,49.16496],[2.16457,49.17967],[2.13695,49.17905],[2.12598,49.19126],[2.09771,49.18917],[2.0902,49.19833],[2.08117,49.20681],[2.05877,49.19997],[2.02818,49.18797],[1.98399,49.17966],[1.94982,49.17035],[1.92451,49.17352],[1.88742,49.16322],[1.85663,49.17165],[1.83709,49.1717],[1.81955,49.17598],[1.80637,49.18013],[1.78637,49.18308],[1.74464,49.18318],[1.72583,49.19571],[1.71477,49.20734],[1.73411,49.22128],[1.72149,49.23098],[1.70885,49.2355],[1.70134,49.24387],[1.70792,49.26009],[1.73859,49.26902],[1.75704,49.26598],[1.7669,49.25204],[1.79915,49.26798],[1.79778,49.28523],[1.77282,49.29303],[1.77068,49.31065],[1.76827,49.32363],[1.76753,49.34004],[1.75857,49.35866],[1.74759,49.37199],[1.73197,49.38922],[1.72989,49.40077],[1.72514,49.40591],[1.71666,49.4172],[1.7226,49.43279],[1.73353,49.44126],[1.75146,49.45254],[1.76635,49.46615],[1.77322,49.47986],[1.78731,49.48954],[1.78953,49.50169],[1.76958,49.51301],[1.75803,49.50878],[1.74523,49.48885],[1.72955,49.50028],[1.71747,49.50601],[1.74013,49.5269],[1.73905,49.54317],[1.72826,49.55386],[1.71214,49.57693],[1.69661,49.57573],[1.69826,49.58134],[1.72162,49.58881],[1.70369,49.59522],[1.70368,49.60548],[1.71948,49.62705],[1.70883,49.64638],[1.72336,49.66979],[1.75238,49.68258],[1.74009,49.70135],[1.70451,49.68093],[1.69688,49.69735],[1.71426,49.7147],[1.71969,49.73047],[1.74439,49.7413],[1.74773,49.758],[1.78124,49.75864],[1.77894,49.77101],[1.75853,49.78337],[1.74349,49.80411],[1.7327,49.81582],[1.72638,49.83882],[1.71897,49.85326],[1.71174,49.87372],[1.70566,49.89194],[1.68408,49.90859],[1.6727,49.92085],[1.65062,49.92724],[1.61815,49.93706],[1.59835,49.94679],[1.58188,49.96268],[1.56332,49.97681],[1.54033,49.98889],[1.52105,50.00445],[1.5055,50.01567],[1.48871,50.0218],[1.46807,50.03572],[1.44935,50.04511],[1.45915,50.0625],[1.43212,50.0706],[1.41695,50.06379],[1.39587,50.06122],[1.38065,50.06437],[1.42135,50.08908],[1.45252,50.10834],[1.47368,50.15278],[1.50367,50.19527],[1.54843,50.21522],[1.57046,50.2008],[1.60796,50.18976],[1.64404,50.18287],[1.6838,50.18303],[1.64967,50.21626],[1.61965,50.21742],[1.5936,50.24429],[1.5623,50.25576],[1.53843,50.27858],[1.54655,50.32705],[1.57134,50.35845],[1.64077,50.3517],[1.61708,50.37218],[1.59421,50.37811],[1.5703,50.39216],[1.55579,50.40245],[1.57329,50.46572],[1.58298,50.5346],[1.60246,50.52964],[1.65224,50.50872],[1.6265,50.52004],[1.60845,50.53866],[1.59453,50.55346],[1.57769,50.57988],[1.57833,50.60662],[1.57623,50.64099],[1.56538,50.68186],[1.56978,50.7076],[1.57214,50.72752],[1.57816,50.72761],[1.58205,50.72354],[1.59129,50.73049],[1.60245,50.75989],[1.60361,50.78669],[1.59828,50.80966],[1.58331,50.84571],[1.58048,50.86785],[1.60967,50.87206],[1.64992,50.88358],[1.69254,50.91538],[1.73813,50.94158],[1.80878,50.959],[1.84716,50.96279],[1.85445,50.96701],[1.88655,50.97217],[1.91578,50.98408],[1.95127,50.98839],[1.99273,50.99373],[2.04871,51.00372],[2.09199,51.00525],[2.12291,50.99093],[2.12586,51.01552],[2.14264,51.02449],[2.16209,51.02151],[2.17739,51.00679],[2.18775,51.02091],[2.19554,51.03562],[2.18277,51.04023],[2.20688,51.03257],[2.2643,51.04454],[2.34334,51.05771],[2.39523,51.05033],[2.47941,51.06945],[2.52397,51.08256],[2.55915,51.07023],[2.57598,51.01375],[2.59253,50.99293],[2.61003,50.97652],[2.62606,50.9565],[2.61913,50.93696],[2.59749,50.92276],[2.60504,50.91394],[2.60547,50.90046],[2.60482,50.88608],[2.60863,50.87044],[2.59959,50.85333],[2.61604,50.84736],[2.62665,50.83228],[2.66232,50.81629],[2.69173,50.81382],[2.72575,50.80872],[2.72921,50.78934],[2.75431,50.7746],[2.76605,50.75452],[2.78181,50.74331],[2.79501,50.72493],[2.81949,50.7154],[2.85153,50.71931],[2.87924,50.70282],[2.9034,50.69323],[2.91583,50.70382],[2.92946,50.72371],[2.93741,50.74277],[2.96627,50.75003],[3.00559,50.76586],[3.02869,50.77081],[3.06138,50.7805],[3.09452,50.77806],[3.11559,50.79297],[3.15354,50.7858],[3.16668,50.76584],[3.18326,50.7499],[3.19601,50.73723],[3.20382,50.71959],[3.21848,50.71221],[3.24865,50.70924],[3.25694,50.69145],[3.26397,50.67793],[3.24194,50.66502],[3.24857,50.64542],[3.2587,50.62781],[3.26725,50.6134],[3.27455,50.59667],[3.2826,50.57521],[3.28152,50.55994],[3.27936,50.53977],[3.29127,50.52462],[3.32488,50.51306],[3.35352,50.50481],[3.37273,50.49318],[3.39794,50.49849],[3.4368,50.50933],[3.4506,50.51144],[3.46706,50.52765],[3.49431,50.52932],[3.51796,50.52139],[3.50321,50.50631],[3.50679,50.48922],[3.53193,50.49617],[3.55213,50.49804],[3.57338,50.49664],[3.60835,50.49673],[3.63473,50.47185],[3.66233,50.45617],[3.66719,50.44056],[3.67048,50.41993],[3.67325,50.4008],[3.66735,50.38314],[3.66217,50.36576],[3.66552,50.34694],[3.67368,50.33492],[3.68772,50.32469],[3.69581,50.31269],[3.71754,50.30893],[3.71863,50.3175],[3.72945,50.31274],[3.7345,50.33233],[3.73923,50.34765],[3.76145,50.34833],[3.78572,50.35347],[3.81524,50.3496],[3.8287,50.35294],[3.85903,50.34513],[3.88362,50.33897],[3.88736,50.32857],[3.9481,50.34273],[3.96583,50.34127],[3.98595,50.34207],[4.00148,50.35026],[4.02196,50.35689],[4.03602,50.34549],[4.0558,50.3324],[4.07951,50.31199],[4.10729,50.30582],[4.1252,50.28922],[4.13565,50.26824],[4.1466,50.25868],[4.1639,50.2715],[4.1553,50.28489],[4.17683,50.2757],[4.20796,50.273],[4.2137,50.24765],[4.18896,50.23652],[4.17165,50.21692],[4.15268,50.21016],[4.15667,50.19095],[4.15581,50.17198],[4.13665,50.14803],[4.14371,50.12904],[4.17984,50.13356],[4.20342,50.12118],[4.20124,50.10076],[4.22128,50.0859],[4.21783,50.06081],[4.18954,50.04927],[4.16222,50.04898],[4.14443,50.02879],[4.14208,50.00662],[4.16313,49.99477],[4.1409,49.97876]]]},"properties":{"code":"32","nom":"Hauts-de-France"}},{"type":"Feature","geometry":{"type":"Polygon","coordinates":[[[4.23316,49.95775],[4.27169,49.96537],[4.31086,49.9689],[4.34807,49.95302],[4.39169,49.94744],[4.44378,49.93887],[4.50785,49.94719],[4.5376,49.96547],[4.58417,49.98339],[4.63725,49.98924],[4.67672,49.99542],[4.68591,50.01579],[4.69552,50.04546],[4.68041,50.06807],[4.71185,50.09668],[4.77191,50.13971],[4.83117,50.15563],[4.8701,50.15327],[4.89708,50.13779],[4.87319,50.1093],[4.8605,50.09266],[4.84212,50.09139],[4.83314,50.06738],[4.82652,50.0517],[4.83108,50.03451],[4.82112,50.01173],[4.80378,49.98264],[4.79092,49.9584],[4.84044,49.95074],[4.88389,49.91376],[4.87894,49.89516],[4.86308,49.86726],[4.8576,49.84182],[4.86901,49.81531],[4.85221,49.79291],[4.89526,49.78837],[4.93886,49.79284],[4.97221,49.80186],[5.00431,49.78924],[5.03667,49.77172],[5.07844,49.76282],[5.11463,49.74212],[5.13315,49.71293],[5.1653,49.71197],[5.19247,49.69489],[5.22544,49.68961],[5.26727,49.69652],[5.29331,49.67769],[5.32853,49.65825],[5.30879,49.63689],[5.32591,49.61632],[5.35151,49.63079],[5.37864,49.6214],[5.42361,49.59879],[5.45239,49.56138],[5.46604,49.53586],[5.46113,49.51097],[5.48035,49.50207],[5.53526,49.51467],[5.57335,49.5263],[5.60536,49.50771],[5.61712,49.52939],[5.65178,49.55018],[5.68167,49.54828],[5.71421,49.54059],[5.73884,49.53986],[5.75678,49.55738],[5.78169,49.55827],[5.81748,49.54563],[5.84588,49.52995],[5.84898,49.51065],[5.88722,49.49827],[5.92112,49.5006],[5.95435,49.49403],[5.97463,49.47782],[5.98765,49.46241],[6.01391,49.45249],[6.04215,49.4478],[6.08,49.45896],[6.09813,49.46463],[6.12233,49.47576],[6.1455,49.48852],[6.15891,49.50451],[6.20153,49.50674],[6.23837,49.51198],[6.26484,49.50397],[6.28635,49.49211],[6.29514,49.48119],[6.32764,49.47215],[6.36439,49.45949],[6.38543,49.46568],[6.43345,49.47168],[6.46847,49.4649],[6.52536,49.43529],[6.55214,49.42225],[6.54465,49.40176],[6.58494,49.38578],[6.59646,49.35946],[6.57424,49.35853],[6.58002,49.33513],[6.60105,49.31511],[6.63475,49.29565],[6.66032,49.28369],[6.66444,49.25456],[6.6851,49.24374],[6.69593,49.21501],[6.72028,49.17583],[6.77669,49.16777],[6.82563,49.15402],[6.85868,49.17488],[6.85094,49.19713],[6.84563,49.2163],[6.90026,49.21373],[6.94039,49.21642],[6.99653,49.19785],[7.02587,49.18971],[7.03254,49.16448],[7.04655,49.13278],[7.07581,49.12644],[7.08224,49.15203],[7.10971,49.149],[7.12676,49.14009],[7.1588,49.12078],[7.18415,49.13151],[7.20405,49.12224],[7.26635,49.12259],[7.30421,49.1229],[7.35995,49.14377],[7.38137,49.17528],[7.43626,49.18],[7.44729,49.16871],[7.49408,49.16782],[7.49553,49.14103],[7.51725,49.11955],[7.55206,49.08502],[7.6306,49.07137],[7.68607,49.04937],[7.70784,49.05285],[7.73574,49.04392],[7.77681,49.05685],[7.81426,49.05574],[7.85213,49.03788],[7.89285,49.04695],[7.93139,49.05422],[7.95766,49.0451],[7.9747,49.02697],[8.0102,49.02525],[8.04922,49.01418],[8.06871,48.99749],[8.10176,48.98945],[8.13639,48.97941],[8.17032,48.97625],[8.19609,48.97013],[8.23334,48.96668],[8.15267,48.90903],[8.10065,48.81525],[8.03956,48.79056],[7.98511,48.76108],[7.95342,48.71368],[7.83648,48.63518],[7.80545,48.55928],[7.7947,48.50209],[7.76303,48.45141],[7.74164,48.34561],[7.70315,48.30881],[7.67616,48.24497],[7.63251,48.18752],[7.59707,48.13315],[7.5774,48.09596],[7.57162,48.03038],[7.61732,47.96356],[7.58269,47.90677],[7.55718,47.86384],[7.53897,47.7998],[7.54601,47.72607],[7.5193,47.67017],[7.56843,47.63042],[7.58902,47.5899],[7.55177,47.56338],[7.51045,47.54446],[7.51683,47.53345],[7.52054,47.51561],[7.50817,47.51089],[7.49106,47.48402],[7.44637,47.49353],[7.42793,47.48213],[7.45296,47.46931],[7.42103,47.44611],[7.36814,47.43418],[7.33071,47.44157],[7.28713,47.43493],[7.2463,47.4222],[7.20501,47.43534],[7.17466,47.45072],[7.19142,47.48877],[7.16175,47.49005],[7.13788,47.53065],[7.11878,47.54759],[7.09904,47.57303],[7.08089,47.59423],[7.05809,47.59907],[7.02464,47.58922],[7.00594,47.60236],[7.00757,47.61938],[7.01275,47.63362],[7.01981,47.65068],[7.04237,47.67207],[7.03863,47.68795],[7.03381,47.71548],[7.01305,47.74128],[6.97227,47.75147],[6.93466,47.77159],[6.88606,47.7804],[6.85441,47.79564],[6.84308,47.82505],[6.81109,47.81997],[6.79255,47.8405],[6.75464,47.85842],[6.72698,47.86942],[6.68969,47.8864],[6.64964,47.90176],[6.62737,47.93009],[6.58393,47.94001],[6.54396,47.90845],[6.48536,47.88884],[6.45596,47.90677],[6.44548,47.92866],[6.40842,47.94319],[6.38516,47.95899],[6.33897,47.95446],[6.28908,47.95584],[6.21867,47.93429],[6.20057,47.94804],[6.17104,47.95279],[6.15094,47.97056],[6.15733,47.99209],[6.14296,48.01592],[6.10923,48.01247],[6.03089,47.99453],[6.01729,47.9725],[6.00226,47.95609],[5.97088,47.95567],[5.93543,47.93593],[5.94665,47.95701],[5.9442,47.98004],[5.9194,47.96428],[5.89342,47.93587],[5.88696,47.91437],[5.85338,47.90553],[5.83115,47.88049],[5.82241,47.85748],[5.81602,47.84885],[5.77476,47.85804],[5.7455,47.84413],[5.74076,47.8192],[5.6992,47.82356],[5.67895,47.79296],[5.69332,47.7699],[5.69931,47.74016],[5.68407,47.71746],[5.69276,47.6988],[5.66835,47.68402],[5.62274,47.67505],[5.59256,47.67743],[5.57916,47.70328],[5.54949,47.69137],[5.5078,47.67645],[5.46694,47.67408],[5.42952,47.67432],[5.39906,47.64992],[5.38067,47.62912],[5.36974,47.60541],[5.34073,47.59623],[5.32234,47.61236],[5.28477,47.59469],[5.25663,47.57668],[5.25604,47.61926],[5.22882,47.63025],[5.18859,47.64956],[5.17834,47.68095],[5.14918,47.66375],[5.12866,47.64985],[5.10396,47.65885],[5.06916,47.66858],[5.04359,47.67652],[5.03746,47.69245],[5.02261,47.70702],[5.00004,47.69318],[4.97198,47.69157],[4.96583,47.71524],[4.96147,47.73383],[4.959,47.75521],[4.93074,47.76134],[4.9186,47.77645],[4.97626,47.799],[4.99386,47.81291],[4.98042,47.83018],[4.95565,47.86277],[4.92858,47.88623],[4.8965,47.92266],[4.8616,47.89989],[4.83494,47.91891],[4.86345,47.93841],[4.82123,47.96325],[4.78651,47.9642],[4.81024,47.98858],[4.78614,48.00659],[4.71994,48.0089],[4.67881,48.01702],[4.626,48.02534],[4.58958,48.0296],[4.54422,48.00514],[4.55903,47.97315],[4.49948,47.9682],[4.44594,47.95753],[4.41071,47.96751],[4.37091,47.96084],[4.32495,47.95964],[4.3005,47.94683],[4.27248,47.92404],[4.22964,47.94584],[4.2158,47.97251],[4.21271,47.96307],[4.20591,47.94329],[4.17695,47.95739],[4.14017,47.94275],[4.10961,47.92604],[4.0917,47.93706],[4.05695,47.93856],[4.02565,47.92832],[3.99427,47.93718],[3.95473,47.93346],[3.90685,47.928],[3.90387,47.94935],[3.91469,47.97569],[3.88166,48.00029],[3.87227,47.97914],[3.84388,47.99588],[3.86587,48.00557],[3.86278,48.01965],[3.82837,48.0397],[3.82635,48.06361],[3.79784,48.09234],[3.79253,48.11624],[3.76213,48.13181],[3.74287,48.14288],[3.71352,48.17394],[3.70502,48.14431],[3.66685,48.14169],[3.63494,48.18792],[3.57763,48.18674],[3.61221,48.21555],[3.60079,48.23307],[3.61886,48.26754],[3.58384,48.28354],[3.57628,48.30507],[3.54384,48.32961],[3.50449,48.36578],[3.45886,48.37415],[3.42739,48.35809],[3.41652,48.39822],[3.4025,48.41517],[3.39453,48.42431],[3.4047,48.44161],[3.40024,48.46646],[3.39933,48.48361],[3.41093,48.48746],[3.43262,48.50001],[3.42344,48.53356],[3.47566,48.5414],[3.47423,48.56449],[3.50858,48.59893],[3.55703,48.61586],[3.52228,48.63259],[3.5175,48.64337],[3.46802,48.63694],[3.45571,48.64735],[3.4443,48.67047],[3.47143,48.69027],[3.46726,48.70857],[3.45182,48.73603],[3.42649,48.75653],[3.39846,48.76441],[3.42945,48.77943],[3.44255,48.79488],[3.41338,48.8041],[3.46059,48.81511],[3.48565,48.82007],[3.48961,48.86758],[3.51497,48.89524],[3.56418,48.9113],[3.582,48.94118],[3.60545,48.96404],[3.6362,48.99832],[3.67254,49.0234],[3.64261,49.03701],[3.5867,49.04137],[3.61798,49.07143],[3.62479,49.09864],[3.61089,49.13275],[3.65777,49.14895],[3.69803,49.14982],[3.73956,49.15693],[3.73722,49.17796],[3.69824,49.18972],[3.69179,49.20239],[3.65963,49.21068],[3.66728,49.22493],[3.66595,49.24636],[3.6532,49.25756],[3.65732,49.29102],[3.6476,49.31595],[3.6963,49.33086],[3.75782,49.34761],[3.82406,49.35735],[3.85543,49.35775],[3.85883,49.37078],[3.84685,49.38865],[3.83856,49.40111],[3.88118,49.40529],[3.91944,49.40414],[3.95334,49.38429],[4.00691,49.36963],[4.03751,49.382],[4.0493,49.41389],[4.04546,49.44408],[4.06278,49.44824],[4.04203,49.47297],[4.06151,49.5145],[4.07675,49.53132],[4.05436,49.55266],[4.06679,49.56407],[4.06151,49.574],[4.06061,49.59637],[4.03385,49.62289],[4.05095,49.63453],[4.08633,49.62927],[4.12017,49.64317],[4.13684,49.67813],[4.16473,49.69387],[4.1902,49.70856],[4.21092,49.72428],[4.22645,49.73851],[4.24304,49.76538],[4.20592,49.77819],[4.21874,49.81698],[4.23297,49.84841],[4.24737,49.90226],[4.21967,49.92377],[4.23316,49.95775]]]},"properties":{"code":"44","nom":"Grand Est"}},{"type":"Feature","geometry":{"type":"MultiPolygon","coordinates":[[[[-2.62284,47.40975],[-2.62341,47.41085],[-2.62134,47.41139],[-2.62008,47.41356],[-2.61777,47.41153],[-2.62024,47.41107],[-2.6209,47.41018],[-2.62284,47.40975]]],[[[-2.45849,47.44812],[-2.4377,47.46597],[-2.42033,47.4738],[-2.41353,47.45939],[-2.37656,47.46279],[-2.3401,47.45833],[-2.3128,47.47213],[-2.29913,47.50048],[-2.28697,47.51529],[-2.26581,47.51185],[-2.25494,47.49841],[-2.21722,47.50584],[-2.18376,47.50179],[-2.16992,47.49061],[-2.15296,47.50948],[-2.13258,47.52963],[-2.1008,47.53289],[-2.10066,47.55753],[-2.10474,47.57525],[-2.08369,47.61114],[-2.09037,47.64242],[-2.0515,47.64957],[-2.03908,47.66954],[-1.99349,47.67805],[-1.97254,47.69355],[-1.95381,47.67227],[-1.90829,47.69321],[-1.86991,47.70064],[-1.83456,47.70823],[-1.80445,47.70336],[-1.76459,47.70157],[-1.7402,47.70459],[-1.71127,47.70038],[-1.68508,47.71308],[-1.65482,47.71259],[-1.63999,47.72575],[-1.62723,47.75595],[-1.61325,47.7644],[-1.59435,47.7726],[-1.57565,47.77791],[-1.54245,47.78352],[-1.49958,47.79845],[-1.46752,47.81075],[-1.48241,47.83088],[-1.46061,47.83542],[-1.44216,47.83094],[-1.41083,47.82852],[-1.38813,47.8261],[-1.36148,47.80345],[-1.29397,47.78657],[-1.2404,47.79337],[-1.23985,47.81003],[-1.22207,47.82579],[-1.21537,47.84558],[-1.20601,47.85855],[-1.19701,47.87782],[-1.17641,47.90532],[-1.16389,47.93041],[-1.16129,47.95294],[-1.14931,47.96734],[-1.12706,47.97129],[-1.1248,47.98481],[-1.10348,47.98904],[-1.07178,47.98182],[-1.03846,47.99121],[-1.01877,48.00523],[-1.035,48.03361],[-1.02842,48.04793],[-1.02824,48.07188],[-1.05275,48.10735],[-1.06024,48.13391],[-1.07262,48.16609],[-1.07826,48.17929],[-1.0767,48.20197],[-1.0827,48.21458],[-1.09155,48.23259],[-1.09932,48.25138],[-1.09364,48.27288],[-1.08453,48.29463],[-1.05049,48.32279],[-1.05996,48.34921],[-1.0595,48.37338],[-1.06195,48.3928],[-1.08046,48.41694],[-1.08225,48.43801],[-1.06635,48.45273],[-1.07135,48.4693],[-1.07187,48.4845],[-1.07542,48.49902],[-1.06172,48.51055],[-1.03939,48.50604],[-1.01755,48.49232],[-0.98575,48.49381],[-0.96528,48.50079],[-0.94325,48.51489],[-0.91847,48.50039],[-0.88395,48.49764],[-0.84916,48.49778],[-0.83222,48.48263],[-0.8153,48.47091],[-0.80513,48.45761],[-0.7845,48.46411],[-0.77979,48.44607],[-0.75449,48.43748],[-0.72357,48.44648],[-0.72499,48.45742],[-0.72625,48.47326],[-0.69987,48.47329],[-0.68586,48.47547],[-0.67043,48.48249],[-0.65572,48.47407],[-0.65399,48.44612],[-0.61564,48.45892],[-0.58563,48.47216],[-0.55964,48.47211],[-0.53551,48.49126],[-0.51345,48.5046],[-0.48837,48.50392],[-0.47184,48.50766],[-0.45594,48.51269],[-0.42837,48.51021],[-0.39849,48.50851],[-0.38302,48.49668],[-0.3601,48.48482],[-0.35211,48.49949],[-0.32981,48.51315],[-0.29807,48.51593],[-0.27155,48.50745],[-0.26125,48.52685],[-0.2618,48.54789],[-0.24666,48.5656],[-0.20808,48.56414],[-0.17945,48.54084],[-0.15048,48.53042],[-0.16681,48.51546],[-0.16668,48.50203],[-0.15352,48.47695],[-0.14363,48.45473],[-0.08909,48.45006],[-0.06029,48.45589],[-0.05533,48.43161],[-0.05505,48.40706],[-0.05453,48.382],[-0.03657,48.38063],[-0.02233,48.39222],[0.00331,48.38989],[0.02099,48.3802],[0.05925,48.38669],[0.0721,48.4079],[0.10752,48.41984],[0.13423,48.43693],[0.15081,48.44752],[0.15674,48.45389],[0.16973,48.46178],[0.20493,48.46874],[0.2315,48.47239],[0.26129,48.4818],[0.2926,48.47877],[0.31704,48.47143],[0.34251,48.46055],[0.36376,48.45161],[0.3714,48.43438],[0.37489,48.41249],[0.37386,48.38697],[0.38232,48.35827],[0.3819,48.33845],[0.39884,48.3189],[0.42046,48.32111],[0.43941,48.30546],[0.47383,48.30038],[0.50399,48.29789],[0.4966,48.28222],[0.51812,48.26687],[0.54394,48.24934],[0.56865,48.24568],[0.60787,48.24449],[0.62806,48.2373],[0.6311,48.25258],[0.66715,48.25833],[0.68484,48.24829],[0.7002,48.22884],[0.71129,48.21672],[0.72364,48.19814],[0.75231,48.18378],[0.79312,48.19304],[0.81333,48.18076],[0.83665,48.16685],[0.8726,48.16249],[0.9033,48.15312],[0.90291,48.13544],[0.87036,48.13189],[0.81435,48.0988],[0.83036,48.09087],[0.84817,48.0946],[0.84379,48.07625],[0.80917,48.07149],[0.79808,48.05609],[0.80381,48.03885],[0.82255,48.03101],[0.83878,48.02357],[0.8317,48.00611],[0.82548,47.98018],[0.83745,47.96459],[0.8487,47.94258],[0.81635,47.93428],[0.80754,47.9079],[0.81461,47.89005],[0.79156,47.9098],[0.76018,47.89886],[0.76469,47.86658],[0.77485,47.84381],[0.75,47.82833],[0.73584,47.80817],[0.71301,47.78856],[0.69269,47.7787],[0.6893,47.76538],[0.65127,47.75525],[0.61875,47.74169],[0.59409,47.72311],[0.5933,47.70088],[0.61885,47.69348],[0.60009,47.67734],[0.5596,47.66617],[0.53702,47.65665],[0.50441,47.64858],[0.47536,47.64735],[0.45518,47.62702],[0.42391,47.61783],[0.39625,47.64085],[0.36421,47.62529],[0.39042,47.59851],[0.39135,47.57652],[0.36051,47.57461],[0.33332,47.5871],[0.29771,47.5966],[0.26152,47.6104],[0.23243,47.60579],[0.23152,47.57832],[0.20831,47.56368],[0.19951,47.54121],[0.21409,47.5238],[0.22095,47.51317],[0.20092,47.48279],[0.18178,47.44735],[0.17668,47.41432],[0.16651,47.39716],[0.18296,47.38033],[0.14593,47.35467],[0.11831,47.32624],[0.08575,47.28993],[0.08145,47.26973],[0.06796,47.24503],[0.0768,47.22014],[0.05871,47.20615],[0.06659,47.18979],[0.04642,47.16605],[0.00105,47.1654],[-0.03573,47.1201],[-0.02924,47.09526],[-0.06066,47.09515],[-0.09035,47.09758],[-0.10199,47.07218],[-0.12522,47.0558],[-0.14998,47.07035],[-0.17503,47.07331],[-0.14342,47.10347],[-0.18524,47.10842],[-0.20627,47.09319],[-0.23225,47.10184],[-0.26288,47.10548],[-0.29101,47.10106],[-0.34146,47.08733],[-0.36354,47.09246],[-0.38693,47.09235],[-0.423,47.06984],[-0.45799,47.06877],[-0.48472,47.06226],[-0.4623,47.07698],[-0.48489,47.08179],[-0.51346,47.07744],[-0.5573,47.06437],[-0.54676,47.03871],[-0.56317,47.02929],[-0.5823,47.01288],[-0.59549,46.99795],[-0.62499,46.99454],[-0.64638,46.99385],[-0.67058,47.0029],[-0.68948,46.9903],[-0.71588,46.98388],[-0.7475,46.99137],[-0.77347,47.00439],[-0.79179,46.99944],[-0.80845,46.98758],[-0.83136,46.98872],[-0.85102,46.97426],[-0.87918,46.97434],[-0.90281,46.96813],[-0.88725,46.96999],[-0.88161,46.95905],[-0.86908,46.95724],[-0.8677,46.94954],[-0.88169,46.94816],[-0.8561,46.94563],[-0.85984,46.93665],[-0.83728,46.93197],[-0.82137,46.91827],[-0.82078,46.8983],[-0.82519,46.88377],[-0.80311,46.86668],[-0.78836,46.85471],[-0.77888,46.84159],[-0.75396,46.83133],[-0.72817,46.82208],[-0.70774,46.81592],[-0.71572,46.80134],[-0.72575,46.77951],[-0.7194,46.75866],[-0.69513,46.7476],[-0.69391,46.7353],[-0.68802,46.72569],[-0.6627,46.70965],[-0.67023,46.69312],[-0.65043,46.67247],[-0.64574,46.65828],[-0.65643,46.63554],[-0.6246,46.63047],[-0.62362,46.61028],[-0.61477,46.59638],[-0.62029,46.57908],[-0.61306,46.56266],[-0.60472,46.54613],[-0.62001,46.52733],[-0.64223,46.52476],[-0.64632,46.51138],[-0.62501,46.48992],[-0.61691,46.47172],[-0.61479,46.44954],[-0.61878,46.43886],[-0.63943,46.41045],[-0.62539,46.39209],[-0.59417,46.41019],[-0.55292,46.39323],[-0.557,46.36487],[-0.6059,46.35752],[-0.62706,46.33775],[-0.63638,46.32527],[-0.67695,46.31852],[-0.72118,46.3136],[-0.73048,46.3034],[-0.76628,46.31279],[-0.80075,46.32448],[-0.80375,46.34264],[-0.83052,46.34153],[-0.85992,46.31752],[-0.86846,46.32344],[-0.89259,46.31948],[-0.91699,46.31549],[-0.94009,46.31505],[-0.9631,46.32262],[-0.93846,46.34945],[-0.93393,46.36752],[-0.9749,46.35105],[-1.02986,46.35141],[-1.0754,46.32569],[-1.08798,46.31767],[-1.10956,46.31601],[-1.123,46.31578],[-1.16467,46.32419],[-1.19975,46.30769],[-1.20498,46.26651],[-1.24574,46.28886],[-1.2959,46.32393],[-1.29523,46.30243],[-1.2873,46.29151],[-1.29681,46.28985],[-1.32535,46.32974],[-1.35815,46.34763],[-1.39573,46.34077],[-1.44364,46.34087],[-1.47841,46.3663],[-1.52268,46.40529],[-1.58356,46.40979],[-1.63335,46.41823],[-1.65067,46.42456],[-1.6718,46.43805],[-1.70729,46.4509],[-1.727,46.46163],[-1.75377,46.4745],[-1.78353,46.49451],[-1.81367,46.49535],[-1.82326,46.52852],[-1.8477,46.5847],[-1.87175,46.6185],[-1.89779,46.64038],[-1.92574,46.67479],[-1.96147,46.6922],[-1.98037,46.70891],[-2.01617,46.74508],[-2.06206,46.7773],[-2.12522,46.80764],[-2.14543,46.84781],[-2.1457,46.88966],[-2.10984,46.89948],[-2.10592,46.91972],[-2.08167,46.93819],[-2.04429,46.98081],[-2.03208,47.00163],[-1.99751,47.01876],[-2.00076,47.05647],[-2.03775,47.07841],[-2.05825,47.09519],[-2.09233,47.10366],[-2.10626,47.11416],[-2.13685,47.11054],[-2.17088,47.11886],[-2.20025,47.1236],[-2.23002,47.13135],[-2.24237,47.13599],[-2.21597,47.15399],[-2.18021,47.15594],[-2.15852,47.19585],[-2.17598,47.22886],[-2.16955,47.25317],[-2.19741,47.27411],[-2.22351,47.26119],[-2.24926,47.25363],[-2.27341,47.23979],[-2.29755,47.23431],[-2.31912,47.24502],[-2.34834,47.26741],[-2.42227,47.27538],[-2.41731,47.25823],[-2.44933,47.26254],[-2.46757,47.26953],[-2.49655,47.27968],[-2.52198,47.28631],[-2.54711,47.29238],[-2.51918,47.30058],[-2.50478,47.33544],[-2.52116,47.35881],[-2.54741,47.36897],[-2.54698,47.3822],[-2.51257,47.39788],[-2.48607,47.41165],[-2.46716,47.4205],[-2.45247,47.41301],[-2.44219,47.4219],[-2.45462,47.42945],[-2.45849,47.44812]]],[[[-2.30479,46.70942],[-2.30209,46.70891],[-2.30043,46.70677],[-2.29771,46.70523],[-2.29291,46.70076],[-2.2869,46.69647],[-2.2821,46.69114],[-2.28337,46.69032],[-2.28351,46.68787],[-2.28635,46.68857],[-2.28629,46.69093],[-2.28832,46.69081],[-2.28909,46.6925],[-2.2916,46.69309],[-2.29467,46.69317],[-2.29951,46.69229],[-2.30197,46.69334],[-2.30488,46.69344],[-2.30642,46.69471],[-2.30791,46.69461],[-2.3096,46.69592],[-2.31153,46.69601],[-2.31533,46.69503],[-2.31553,46.69136],[-2.31802,46.69143],[-2.32248,46.69075],[-2.32399,46.69092],[-2.32764,46.6869],[-2.33089,46.68699],[-2.33181,46.68849],[-2.33525,46.6896],[-2.34,46.69002],[-2.34094,46.69122],[-2.34031,46.69209],[-2.34254,46.69422],[-2.34383,46.69253],[-2.34701,46.69369],[-2.34935,46.69199],[-2.35182,46.69157],[-2.3522,46.69285],[-2.35772,46.69497],[-2.36387,46.69466],[-2.367,46.69794],[-2.3684,46.69834],[-2.36902,46.70165],[-2.37319,46.70269],[-2.37591,46.70306],[-2.37757,46.70152],[-2.377,46.70012],[-2.3793,46.69853],[-2.38314,46.70036],[-2.38182,46.70139],[-2.37924,46.70509],[-2.38298,46.7064],[-2.38409,46.70795],[-2.38681,46.70735],[-2.38698,46.70825],[-2.38992,46.70983],[-2.39295,46.70998],[-2.39358,46.71292],[-2.39555,46.71354],[-2.39638,46.71532],[-2.39868,46.7164],[-2.39881,46.71754],[-2.39787,46.71991],[-2.39927,46.72128],[-2.39937,46.72402],[-2.40048,46.72606],[-2.39621,46.72573],[-2.39241,46.72697],[-2.38769,46.72703],[-2.38663,46.72761],[-2.387,46.72962],[-2.38382,46.73061],[-2.38234,46.73333],[-2.37735,46.73234],[-2.37425,46.73366],[-2.37211,46.73307],[-2.36995,46.73168],[-2.36746,46.73178],[-2.36383,46.73071],[-2.36186,46.73066],[-2.36056,46.72927],[-2.35799,46.72983],[-2.3545,46.72797],[-2.35287,46.72795],[-2.35118,46.72876],[-2.34767,46.72877],[-2.34453,46.72799],[-2.34502,46.72689],[-2.34323,46.72348],[-2.34095,46.72152],[-2.34005,46.71969],[-2.33777,46.71907],[-2.33467,46.71902],[-2.33201,46.71947],[-2.32841,46.72065],[-2.32588,46.72052],[-2.32339,46.71974],[-2.32079,46.72027],[-2.31835,46.71986],[-2.31743,46.71745],[-2.31454,46.7161],[-2.31224,46.71458],[-2.31227,46.7134],[-2.31085,46.71224],[-2.30625,46.71117],[-2.30479,46.70942]]],[[[-2.19807,46.95117],[-2.20561,46.95637],[-2.21055,46.95942],[-2.21873,46.96369],[-2.22316,46.96527],[-2.22985,46.96595],[-2.23114,46.96545],[-2.23488,46.96548],[-2.23808,46.96513],[-2.24245,46.96536],[-2.24444,46.96487],[-2.24787,46.96257],[-2.24928,46.96067],[-2.25279,46.9585],[-2.25876,46.95836],[-2.26167,46.95931],[-2.26438,46.96088],[-2.26835,46.96509],[-2.26894,46.96651],[-2.27144,46.96875],[-2.27338,46.97156],[-2.27825,46.97613],[-2.28129,46.97935],[-2.28679,46.98349],[-2.29068,46.9851],[-2.29329,46.98558],[-2.3011,46.98904],[-2.30241,46.99057],[-2.30291,46.99258],[-2.30272,46.9956],[-2.30203,46.99762],[-2.29569,47.00355],[-2.2924,47.00891],[-2.29209,47.01145],[-2.29251,47.01256],[-2.29555,47.01338],[-2.29552,47.01527],[-2.29626,47.01695],[-2.30106,47.01843],[-2.30207,47.01947],[-2.30326,47.02244],[-2.30412,47.0233],[-2.30759,47.02465],[-2.30015,47.02541],[-2.29966,47.02438],[-2.29449,47.02473],[-2.28723,47.02462],[-2.28435,47.0255],[-2.28217,47.02694],[-2.27707,47.02904],[-2.27509,47.02826],[-2.27098,47.02797],[-2.26776,47.02729],[-2.26366,47.02863],[-2.25949,47.02834],[-2.25709,47.02732],[-2.25391,47.02803],[-2.25069,47.0273],[-2.24969,47.02554],[-2.24751,47.02329],[-2.24743,47.02149],[-2.24455,47.01943],[-2.24014,47.01786],[-2.23559,47.01709],[-2.23062,47.0167],[-2.22562,47.01685],[-2.22536,47.01605],[-2.22306,47.01462],[-2.22244,47.01361],[-2.21976,47.01141],[-2.22066,47.00966],[-2.21833,47.00782],[-2.22032,47.00476],[-2.22046,47.00264],[-2.2194,46.99931],[-2.21959,46.99776],[-2.21857,46.99515],[-2.21881,46.99171],[-2.22039,46.99012],[-2.22257,46.9903],[-2.22608,46.99273],[-2.23861,46.9976],[-2.24013,46.99614],[-2.23729,46.99602],[-2.23525,46.9952],[-2.23401,46.99301],[-2.23416,46.98943],[-2.23156,46.98896],[-2.23607,46.98562],[-2.23614,46.98413],[-2.23453,46.98293],[-2.23744,46.98155],[-2.23648,46.97988],[-2.23234,46.97649],[-2.2323,46.97446],[-2.23074,46.97321],[-2.22937,46.97332],[-2.22626,46.97619],[-2.21185,46.97018],[-2.19304,46.96331],[-2.18733,46.96114],[-2.18185,46.95938],[-2.17704,46.95858],[-2.16753,46.95499],[-2.15718,46.95004],[-2.15667,46.94951],[-2.15053,46.93971],[-2.14921,46.93967],[-2.14824,46.93831],[-2.14929,46.93741],[-2.14744,46.9342],[-2.14791,46.93363],[-2.15328,46.93176],[-2.15319,46.9305],[-2.15031,46.92683],[-2.14746,46.92654],[-2.14698,46.92403],[-2.14887,46.92229],[-2.14885,46.92036],[-2.15059,46.92002],[-2.15103,46.91733],[-2.15076,46.91568],[-2.14877,46.91477],[-2.14821,46.91353],[-2.14988,46.91224],[-2.14969,46.91001],[-2.15325,46.90693],[-2.15164,46.90488],[-2.1515,46.90245],[-2.14818,46.89735],[-2.148,46.89462],[-2.14935,46.8941],[-2.15098,46.8948],[-2.1548,46.89512],[-2.158,46.89706],[-2.16071,46.89949],[-2.16682,46.90544],[-2.16752,46.90676],[-2.1686,46.91062],[-2.16981,46.91376],[-2.17228,46.92171],[-2.1746,46.92722],[-2.17739,46.93207],[-2.18142,46.93705],[-2.18501,46.94065],[-2.19084,46.94583],[-2.19807,46.95117]]]]},"properties":{"code":"52","nom":"Pays de la Loire"}},{"type":"Feature","geometry":{"type":"MultiPolygon","coordinates":[[[[-3.47716,48.88127],[-3.47863,48.88218],[-3.48089,48.88234],[-3.48448,48.88139],[-3.48609,48.88176],[-3.48599,48.8832],[-3.48412,48.88415],[-3.47834,48.88437],[-3.47658,48.88396],[-3.47581,48.88152],[-3.47716,48.88127]]],[[[-3.43867,48.89775],[-3.43924,48.89916],[-3.43564,48.90064],[-3.43591,48.89883],[-3.43867,48.89775]]],[[[-2.9821,48.79606],[-2.98344,48.79772],[-2.98283,48.79951],[-2.98012,48.79986],[-2.97941,48.79827],[-2.97642,48.79837],[-2.97663,48.79723],[-2.98102,48.79676],[-2.9821,48.79606]]],[[[-2.97847,48.84564],[-2.98093,48.84684],[-2.98025,48.84831],[-2.97785,48.84631],[-2.97847,48.84564]]],[[[-2.9812,48.85845],[-2.98332,48.85903],[-2.98118,48.8608],[-2.98002,48.85949],[-2.9812,48.85845]]],[[[-3.4921,48.87767],[-3.49449,48.87803],[-3.49495,48.87909],[-3.49082,48.88012],[-3.48854,48.87929],[-3.48941,48.87803],[-3.4921,48.87767]]],[[[-2.95101,48.77991],[-2.94676,48.78055],[-2.94616,48.77992],[-2.94803,48.77841],[-2.95236,48.77875],[-2.95101,48.77991]]],[[[-3.01977,48.83916],[-3.02068,48.84069],[-3.01981,48.84267],[-3.02109,48.84442],[-3.01878,48.84529],[-3.01613,48.84465],[-3.01597,48.84254],[-3.01708,48.84199],[-3.01562,48.84003],[-3.01877,48.83875],[-3.01977,48.83916]]],[[[-2.98531,48.84452],[-2.98632,48.84496],[-2.98863,48.84864],[-2.98619,48.84885],[-2.98677,48.84665],[-2.98459,48.84549],[-2.98531,48.84452]]],[[[-2.99084,48.83817],[-2.99285,48.83835],[-2.99227,48.8399],[-2.98856,48.84035],[-2.98851,48.83918],[-2.99084,48.83817]]],[[[-2.19377,48.61835],[-2.19552,48.61962],[-2.19554,48.62066],[-2.1938,48.62231],[-2.19175,48.62302],[-2.1905,48.62646],[-2.18927,48.62704],[-2.1868,48.62686],[-2.18745,48.62504],[-2.18678,48.62281],[-2.18822,48.62154],[-2.19186,48.62193],[-2.19366,48.62092],[-2.19377,48.61835]]],[[[-3.00232,48.83632],[-3.00347,48.83744],[-3.00184,48.83815],[-3.00254,48.84014],[-3.00547,48.84019],[-3.00499,48.83881],[-3.00718,48.83701],[-3.00896,48.83642],[-3.01149,48.83703],[-3.01166,48.8386],[-3.01006,48.84097],[-3.01153,48.84247],[-3.00919,48.84484],[-3.01,48.84746],[-3.0127,48.84832],[-3.01414,48.85015],[-3.01306,48.85165],[-3.00887,48.85089],[-3.00532,48.85155],[-3.00348,48.85088],[-3.00211,48.84955],[-3,48.8496],[-2.99864,48.85156],[-3.00057,48.85434],[-3.00183,48.85456],[-3.00451,48.85281],[-3.00624,48.85372],[-3.0095,48.85407],[-3.01031,48.85533],[-3.01316,48.85691],[-3.01184,48.85877],[-3.00961,48.85956],[-3.00831,48.85898],[-3.00645,48.86016],[-3.00505,48.85914],[-3.00224,48.86026],[-2.99956,48.86016],[-2.99886,48.86322],[-2.99674,48.86305],[-2.99504,48.86452],[-2.98916,48.86381],[-2.98676,48.86491],[-2.98495,48.86347],[-2.98514,48.86187],[-2.98662,48.86054],[-2.98675,48.85919],[-2.99117,48.85966],[-2.99279,48.86067],[-2.99505,48.85956],[-2.99555,48.85846],[-2.99389,48.85754],[-2.99455,48.85617],[-2.99366,48.85539],[-2.99473,48.85205],[-2.99739,48.8508],[-2.99434,48.85044],[-2.99329,48.84874],[-2.99447,48.84715],[-2.99674,48.84669],[-2.99814,48.84499],[-2.99672,48.84263],[-2.99738,48.84048],[-2.99675,48.83839],[-2.99865,48.83838],[-3.00129,48.83746],[-3.00232,48.83632]]],[[[-3.58388,48.79409],[-3.58553,48.79532],[-3.58644,48.79784],[-3.58557,48.79852],[-3.58589,48.80058],[-3.58773,48.80121],[-3.58526,48.80236],[-3.58511,48.80441],[-3.58235,48.80473],[-3.57998,48.80607],[-3.57825,48.80526],[-3.57758,48.80371],[-3.57568,48.80381],[-3.57523,48.80564],[-3.57036,48.80738],[-3.56723,48.808],[-3.56317,48.80537],[-3.56263,48.80314],[-3.56493,48.80058],[-3.56879,48.79925],[-3.57012,48.79724],[-3.5723,48.79718],[-3.57413,48.7964],[-3.57527,48.79747],[-3.57842,48.79872],[-3.58006,48.79871],[-3.58214,48.79775],[-3.58388,48.79409]]],[[[-3.59205,48.76589],[-3.59747,48.76718],[-3.59929,48.76695],[-3.60125,48.76811],[-3.60344,48.77097],[-3.60186,48.77151],[-3.59831,48.77088],[-3.59585,48.76979],[-3.59119,48.76661],[-3.59205,48.76589]]],[[[-3.59313,48.79551],[-3.59609,48.79747],[-3.59761,48.79766],[-3.59962,48.7967],[-3.60213,48.79824],[-3.59924,48.79867],[-3.59569,48.79976],[-3.59544,48.80102],[-3.59316,48.80092],[-3.59304,48.79921],[-3.5951,48.79829],[-3.59397,48.79741],[-3.59162,48.79707],[-3.59078,48.79589],[-3.59313,48.79551]]],[[[-3.60637,48.7937],[-3.60906,48.79395],[-3.61221,48.79532],[-3.61192,48.79611],[-3.60766,48.79602],[-3.60544,48.7945],[-3.60637,48.7937]]],[[[-3.01954,48.83448],[-3.02119,48.83584],[-3.02172,48.83762],[-3.01827,48.83675],[-3.01954,48.83448]]],[[[-3.57671,48.79519],[-3.57922,48.79627],[-3.57692,48.79753],[-3.57594,48.79613],[-3.57671,48.79519]]],[[[-3.1839,48.86442],[-3.18177,48.86678],[-3.18314,48.86747],[-3.18315,48.86937],[-3.1853,48.87273],[-3.18797,48.8722],[-3.18965,48.87256],[-3.19193,48.87161],[-3.19486,48.87321],[-3.19406,48.87538],[-3.18908,48.87364],[-3.1854,48.87485],[-3.18171,48.87435],[-3.18173,48.8725],[-3.18025,48.87104],[-3.18264,48.86975],[-3.18225,48.86819],[-3.18034,48.86563],[-3.1839,48.86442]]],[[[-3.40674,48.83058],[-3.40833,48.83254],[-3.40883,48.83806],[-3.40999,48.83994],[-3.40659,48.83876],[-3.40536,48.83639],[-3.40511,48.83369],[-3.40578,48.83113],[-3.40674,48.83058]]],[[[-3.03963,48.85919],[-3.04106,48.85988],[-3.04456,48.85932],[-3.04463,48.86062],[-3.04136,48.86189],[-3.03753,48.86388],[-3.03426,48.86395],[-3.03202,48.8627],[-3.03544,48.86096],[-3.03688,48.86152],[-3.03846,48.861],[-3.03963,48.85919]]],[[[-3.27886,48.84372],[-3.28182,48.84389],[-3.28435,48.84512],[-3.28261,48.84665],[-3.2814,48.84685],[-3.27851,48.84487],[-3.27886,48.84372]]],[[[-3.19529,48.8631],[-3.19823,48.86431],[-3.19635,48.86773],[-3.19501,48.86555],[-3.19618,48.86427],[-3.19529,48.8631]]],[[[-3.30211,48.84506],[-3.30581,48.84645],[-3.30357,48.84773],[-3.30128,48.84685],[-3.30211,48.84506]]],[[[-3.26046,48.8495],[-3.26148,48.85067],[-3.25975,48.85355],[-3.26231,48.85455],[-3.26158,48.85581],[-3.25928,48.8542],[-3.25918,48.85335],[-3.26046,48.8495]]],[[[-3.2029,48.84987],[-3.20407,48.8505],[-3.20428,48.85419],[-3.2021,48.85371],[-3.20205,48.85014],[-3.2029,48.84987]]],[[[-3.55581,48.80083],[-3.55695,48.80293],[-3.55594,48.80429],[-3.55436,48.8019],[-3.55581,48.80083]]],[[[-3.30698,48.84459],[-3.30808,48.84472],[-3.31007,48.8466],[-3.30974,48.84793],[-3.30743,48.84741],[-3.30598,48.84549],[-3.30698,48.84459]]],[[[-3.2935,48.84386],[-3.29586,48.84423],[-3.2982,48.84553],[-3.29795,48.84634],[-3.29444,48.84557],[-3.2935,48.84386]]],[[[-3.27253,48.8384],[-3.27403,48.83905],[-3.27237,48.84075],[-3.27169,48.83885],[-3.27253,48.8384]]],[[[-3.29265,48.83745],[-3.29536,48.83867],[-3.29379,48.8392],[-3.29227,48.83838],[-3.29265,48.83745]]],[[[-2.00689,48.56611],[-1.97323,48.53929],[-1.98346,48.49926],[-1.98081,48.5054],[-1.95245,48.52076],[-1.96191,48.5513],[-1.96536,48.57868],[-2.00156,48.59374],[-2.00553,48.60894],[-2.02251,48.63469],[-1.99524,48.66014],[-1.97042,48.68608],[-1.95231,48.69064],[-1.92819,48.69254],[-1.87021,48.69798],[-1.84666,48.6921],[-1.86319,48.65902],[-1.82585,48.61077],[-1.67515,48.61143],[-1.54224,48.59002],[-1.52415,48.56326],[-1.51663,48.53236],[-1.49375,48.50023],[-1.45026,48.4876],[-1.41501,48.4628],[-1.35057,48.47117],[-1.32751,48.49812],[-1.27812,48.51011],[-1.24301,48.54016],[-1.19546,48.53126],[-1.11986,48.52175],[-1.07542,48.49902],[-1.07135,48.4693],[-1.08225,48.43801],[-1.06195,48.3928],[-1.05679,48.34533],[-1.08383,48.29326],[-1.09857,48.24929],[-1.08448,48.21385],[-1.07857,48.17798],[-1.0582,48.13136],[-1.02162,48.06801],[-1.02781,48.02409],[-1.04554,47.98569],[-1.108,47.98935],[-1.13315,47.97025],[-1.16186,47.94433],[-1.18054,47.89583],[-1.21699,47.85673],[-1.22315,47.81901],[-1.24464,47.78296],[-1.37433,47.8083],[-1.42055,47.83074],[-1.46887,47.83417],[-1.47054,47.80336],[-1.55898,47.7831],[-1.5944,47.76697],[-1.6365,47.74244],[-1.66411,47.71115],[-1.72452,47.69919],[-1.7788,47.69904],[-1.85397,47.70815],[-1.92164,47.69012],[-1.98261,47.68696],[-2.0485,47.66004],[-2.08846,47.62605],[-2.09669,47.57052],[-2.11782,47.528],[-2.16,47.49271],[-2.20667,47.51004],[-2.25499,47.50827],[-2.2984,47.51353],[-2.32819,47.45975],[-2.39994,47.45598],[-2.4348,47.46983],[-2.47941,47.44365],[-2.48841,47.47112],[-2.46931,47.48409],[-2.44122,47.49624],[-2.49667,47.51754],[-2.53762,47.52376],[-2.60949,47.50977],[-2.61861,47.51195],[-2.59232,47.52326],[-2.57375,47.53098],[-2.56386,47.54717],[-2.58717,47.56029],[-2.59116,47.53732],[-2.61694,47.54945],[-2.62201,47.54847],[-2.62602,47.53069],[-2.65742,47.54489],[-2.66401,47.53506],[-2.6321,47.52967],[-2.63987,47.51604],[-2.67935,47.49379],[-2.74583,47.4999],[-2.80268,47.48806],[-2.84934,47.50559],[-2.88675,47.53776],[-2.90478,47.54245],[-2.90948,47.55837],[-2.88416,47.56111],[-2.86317,47.55262],[-2.84636,47.54737],[-2.82634,47.54345],[-2.8074,47.55132],[-2.78493,47.55168],[-2.76374,47.539],[-2.7331,47.55193],[-2.71239,47.5855],[-2.69609,47.58928],[-2.68928,47.61869],[-2.69635,47.63352],[-2.70996,47.63433],[-2.71746,47.62273],[-2.70761,47.61654],[-2.71341,47.59475],[-2.73752,47.60523],[-2.77033,47.61587],[-2.73729,47.61398],[-2.7549,47.63777],[-2.78364,47.64051],[-2.78541,47.62164],[-2.83014,47.61895],[-2.85639,47.61471],[-2.88964,47.59618],[-2.90186,47.58301],[-2.927,47.59133],[-2.93104,47.60585],[-2.94601,47.60571],[-2.94862,47.62772],[-2.97555,47.65777],[-2.96125,47.63142],[-2.96923,47.60515],[-2.96865,47.5894],[-2.93675,47.56137],[-2.964,47.55688],[-2.97742,47.57452],[-2.99668,47.58329],[-3.01271,47.58039],[-3.02136,47.56764],[-3.05201,47.575],[-3.10212,47.57064],[-3.11033,47.58567],[-3.12817,47.57392],[-3.12836,47.52586],[-3.10867,47.48896],[-3.09899,47.47305],[-3.14547,47.48465],[-3.15961,47.5256],[-3.1469,47.59265],[-3.2028,47.63413],[-3.20359,47.67033],[-3.17626,47.68155],[-3.14673,47.69557],[-3.16732,47.69577],[-3.14879,47.71419],[-3.13179,47.71444],[-3.10947,47.72802],[-3.14925,47.72516],[-3.14549,47.73269],[-3.14723,47.74423],[-3.1619,47.73051],[-3.19998,47.74377],[-3.17406,47.72922],[-3.17571,47.70137],[-3.19134,47.69246],[-3.21017,47.6899],[-3.21855,47.66534],[-3.26929,47.67747],[-3.35824,47.69342],[-3.30669,47.69279],[-3.29856,47.70228],[-3.32616,47.70816],[-3.35317,47.70828],[-3.34372,47.72799],[-3.31494,47.74572],[-3.28816,47.78173],[-3.28737,47.77563],[-3.32556,47.76251],[-3.35353,47.76074],[-3.38016,47.79741],[-3.38721,47.81554],[-3.38552,47.78389],[-3.35163,47.74569],[-3.3683,47.72359],[-3.40463,47.70296],[-3.45013,47.69515],[-3.48017,47.71444],[-3.5123,47.75314],[-3.5258,47.79467],[-3.53899,47.82426],[-3.54248,47.85615],[-3.53719,47.81588],[-3.53177,47.7899],[-3.56017,47.76687],[-3.60371,47.77678],[-3.64796,47.78187],[-3.67947,47.77709],[-3.72006,47.80146],[-3.68355,47.8194],[-3.65156,47.82191],[-3.69665,47.8263],[-3.74393,47.81803],[-3.75257,47.84419],[-3.74885,47.81552],[-3.76647,47.79231],[-3.82864,47.79346],[-3.85458,47.80399],[-3.89813,47.84227],[-3.89197,47.85419],[-3.9118,47.86824],[-3.94749,47.88711],[-3.97579,47.9011],[-3.99012,47.89301],[-3.98571,47.85406],[-4.07911,47.8619],[-4.07079,47.86849],[-4.08813,47.86447],[-4.11684,47.88377],[-4.14223,47.90433],[-4.10274,47.94026],[-4.08787,47.94772],[-4.10479,47.9504],[-4.11243,47.97217],[-4.11391,47.95296],[-4.14063,47.92234],[-4.17307,47.90352],[-4.14722,47.89472],[-4.11352,47.86925],[-4.16927,47.84557],[-4.19472,47.87401],[-4.20583,47.86356],[-4.18182,47.8353],[-4.16448,47.82134],[-4.2077,47.80028],[-4.22402,47.7921],[-4.27563,47.79662],[-4.34754,47.7991],[-4.37633,47.82321],[-4.34604,47.84021],[-4.39214,47.93152],[-4.44791,47.97725],[-4.52618,48.00635],[-4.50887,48.03553],[-4.52171,48.04222],[-4.5425,48.01125],[-4.5992,48.01526],[-4.65309,48.0223],[-4.70876,48.03164],[-4.71711,48.04161],[-4.7024,48.06191],[-4.66795,48.0698],[-4.62633,48.07079],[-4.57876,48.08134],[-4.53637,48.08893],[-4.50033,48.09096],[-4.44385,48.09799],[-4.3869,48.10574],[-4.33465,48.09064],[-4.30439,48.08943],[-4.27331,48.13306],[-4.2945,48.16205],[-4.32249,48.20242],[-4.37349,48.21485],[-4.43242,48.22834],[-4.47405,48.23635],[-4.50316,48.21616],[-4.53699,48.18264],[-4.55212,48.18324],[-4.55992,48.22561],[-4.54854,48.25481],[-4.60249,48.25813],[-4.6192,48.27769],[-4.59187,48.2792],[-4.56897,48.29712],[-4.57114,48.33004],[-4.54571,48.31801],[-4.53816,48.29098],[-4.49897,48.30925],[-4.46747,48.28813],[-4.41241,48.2781],[-4.32072,48.29181],[-4.27742,48.28972],[-4.25793,48.26238],[-4.22283,48.25649],[-4.17994,48.24273],[-4.1163,48.23568],[-4.10254,48.25341],[-4.17626,48.24927],[-4.23689,48.25395],[-4.25014,48.28432],[-4.19408,48.29367],[-4.24115,48.30556],[-4.25237,48.30242],[-4.26306,48.31994],[-4.28299,48.31706],[-4.32907,48.31497],[-4.30272,48.3321],[-4.29169,48.34755],[-4.29419,48.35318],[-4.33095,48.3464],[-4.34969,48.34422],[-4.36727,48.33554],[-4.41093,48.33087],[-4.4408,48.32703],[-4.44548,48.3495],[-4.39947,48.3836],[-4.32185,48.41397],[-4.27009,48.44504],[-4.32749,48.41815],[-4.36886,48.40149],[-4.43528,48.38339],[-4.47638,48.3806],[-4.5433,48.35951],[-4.59299,48.34414],[-4.65666,48.34847],[-4.69891,48.34205],[-4.75054,48.32965],[-4.77783,48.35119],[-4.75475,48.36366],[-4.76575,48.38104],[-4.78655,48.41002],[-4.78299,48.44557],[-4.75633,48.46382],[-4.738,48.47291],[-4.77137,48.48505],[-4.76931,48.51259],[-4.76453,48.52247],[-4.75013,48.53069],[-4.71544,48.55945],[-4.70491,48.56924],[-4.64642,48.57212],[-4.59504,48.56585],[-4.54529,48.55543],[-4.50774,48.54841],[-4.56619,48.56138],[-4.60467,48.58179],[-4.58997,48.60238],[-4.54591,48.59739],[-4.48402,48.57242],[-4.52752,48.59629],[-4.56894,48.6103],[-4.54582,48.62381],[-4.52371,48.6334],[-4.5013,48.62094],[-4.44692,48.6393],[-4.41375,48.63821],[-4.42969,48.64728],[-4.38591,48.66004],[-4.34366,48.67676],[-4.31245,48.67073],[-4.30816,48.64372],[-4.27051,48.64953],[-4.2125,48.6497],[-4.20934,48.67082],[-4.16747,48.68825],[-4.10561,48.69323],[-4.071,48.68548],[-4.05781,48.68569],[-4.03639,48.71211],[-3.99671,48.71261],[-3.97006,48.71495],[-3.96915,48.67611],[-3.95655,48.65123],[-3.94883,48.61651],[-3.94845,48.62],[-3.93006,48.65784],[-3.89012,48.66839],[-3.85858,48.62954],[-3.85849,48.61124],[-3.82795,48.62843],[-3.85828,48.6643],[-3.84838,48.67617],[-3.84085,48.70726],[-3.82095,48.71822],[-3.76584,48.70909],[-3.71035,48.69615],[-3.64851,48.6936],[-3.65512,48.66534],[-3.62405,48.68624],[-3.57487,48.68677],[-3.57774,48.72292],[-3.56034,48.75504],[-3.58593,48.77739],[-3.55878,48.79427],[-3.5465,48.81109],[-3.52329,48.82677],[-3.50089,48.82444],[-3.47743,48.83702],[-3.42823,48.82039],[-3.41397,48.79979],[-3.35059,48.82281],[-3.28841,48.83563],[-3.25706,48.84543],[-3.22587,48.86955],[-3.21393,48.84271],[-3.20891,48.81194],[-3.22244,48.79005],[-3.1945,48.8314],[-3.14391,48.85638],[-3.08887,48.87276],[-3.08008,48.86241],[-3.08507,48.84491],[-3.07294,48.83336],[-3.09781,48.80337],[-3.12362,48.77125],[-3.10393,48.7795],[-3.07547,48.81696],[-3.02611,48.82132],[-3.01009,48.79999],[-3.02613,48.78233],[-3.00468,48.76617],[-2.95037,48.76329],[-2.93724,48.73406],[-2.9231,48.70727],[-2.88462,48.68254],[-2.84052,48.66225],[-2.82278,48.63354],[-2.8109,48.59284],[-2.77232,48.57034],[-2.72212,48.54267],[-2.70343,48.51227],[-2.67732,48.51222],[-2.64107,48.52346],[-2.59771,48.55829],[-2.5516,48.5935],[-2.489,48.61478],[-2.47703,48.64431],[-2.42149,48.64012],[-2.3903,48.64885],[-2.34425,48.6645],[-2.31064,48.68047],[-2.30269,48.64908],[-2.32658,48.61958],[-2.28727,48.63174],[-2.24474,48.64148],[-2.22836,48.61016],[-2.21372,48.57471],[-2.19073,48.60729],[-2.17528,48.57756],[-2.16181,48.60678],[-2.12354,48.60717],[-2.14847,48.63353],[-2.10521,48.63838],[-2.05607,48.63614],[-2.03262,48.62056],[-2.01704,48.5913],[-2.00689,48.56611]]],[[[-4.0004,47.72283],[-4.00391,47.72264],[-4.0036,47.72392],[-4.00166,47.7256],[-3.9976,47.72519],[-3.99752,47.72393],[-4.0004,47.72283]]],[[[-3.99181,48.7364],[-3.99391,48.73682],[-3.99318,48.73795],[-3.99406,48.73903],[-3.99371,48.74058],[-3.99758,48.74081],[-3.99871,48.74021],[-4.00267,48.7412],[-4.00531,48.74003],[-4.00716,48.74118],[-4.00941,48.74336],[-4.01163,48.74409],[-4.01414,48.74396],[-4.01527,48.74271],[-4.01744,48.7426],[-4.0165,48.74102],[-4.01794,48.73958],[-4.01915,48.74006],[-4.02252,48.73856],[-4.02516,48.73942],[-4.02706,48.742],[-4.02995,48.74163],[-4.03232,48.7427],[-4.03559,48.74207],[-4.03822,48.74455],[-4.04002,48.74476],[-4.04017,48.74637],[-4.03594,48.74797],[-4.03388,48.74682],[-4.03183,48.74738],[-4.0304,48.74845],[-4.02711,48.74986],[-4.0256,48.74935],[-4.02204,48.75299],[-4.01961,48.75366],[-4.01851,48.75201],[-4.01505,48.75216],[-4.01251,48.7532],[-4.0112,48.75246],[-4.00916,48.75303],[-4.00593,48.75285],[-4.00647,48.75119],[-4.00355,48.74929],[-4.00353,48.74793],[-4.00044,48.74733],[-3.9987,48.7459],[-3.99442,48.74505],[-3.99361,48.74563],[-3.98961,48.74532],[-3.99126,48.74382],[-3.99111,48.74257],[-3.98909,48.74079],[-3.98895,48.73859],[-3.99181,48.7364]]],[[[-3.957,47.71206],[-3.95828,47.71339],[-3.95815,47.71457],[-3.95924,47.71632],[-3.95799,47.7176],[-3.95809,47.71958],[-3.95573,47.72061],[-3.95464,47.72211],[-3.95137,47.72157],[-3.95084,47.72051],[-3.95244,47.71876],[-3.95418,47.71767],[-3.95431,47.71654],[-3.95578,47.71533],[-3.95542,47.71291],[-3.957,47.71206]]],[[[-4.01058,47.71578],[-4.0124,47.71644],[-4.01192,47.71909],[-4.00911,47.71861],[-4.00718,47.71696],[-4.00841,47.71603],[-4.01058,47.71578]]],[[[-4.02902,47.77405],[-4.03075,47.77509],[-4.03027,47.7761],[-4.02832,47.77662],[-4.02715,47.77799],[-4.02533,47.77682],[-4.02052,47.77678],[-4.02164,47.77504],[-4.02528,47.77521],[-4.02619,47.7761],[-4.02801,47.77564],[-4.02902,47.77405]]],[[[-4.846,48.03154],[-4.84879,48.03178],[-4.85466,48.0363],[-4.85613,48.03864],[-4.85783,48.03931],[-4.86032,48.03929],[-4.86257,48.04042],[-4.86798,48.03963],[-4.87085,48.04041],[-4.86885,48.04201],[-4.86754,48.04386],[-4.86507,48.04347],[-4.86408,48.04158],[-4.86148,48.04084],[-4.85912,48.04135],[-4.85667,48.04114],[-4.85677,48.03987],[-4.85527,48.03879],[-4.85349,48.03908],[-4.85216,48.04065],[-4.85061,48.04016],[-4.84963,48.03836],[-4.84959,48.03611],[-4.85101,48.03472],[-4.84994,48.0332],[-4.846,48.03154]]],[[[-3.99706,47.70114],[-4.00059,47.70212],[-3.99942,47.70353],[-3.99976,47.70527],[-3.99825,47.70599],[-3.99995,47.70742],[-4.00214,47.70776],[-3.99873,47.71006],[-3.99644,47.7082],[-3.99277,47.70827],[-3.99183,47.70494],[-3.99078,47.70283],[-3.99233,47.70184],[-3.99343,47.70313],[-3.99706,47.70114]]],[[[-3.79886,47.78308],[-3.80053,47.78304],[-3.803,47.78417],[-3.7995,47.78458],[-3.79886,47.78308]]],[[[-5.01189,48.42399],[-5.01406,48.42578],[-5.01271,48.42863],[-5.01331,48.4295],[-5.01161,48.43082],[-5.01043,48.43027],[-5.01174,48.4277],[-5.01018,48.42662],[-5.01189,48.42399]]],[[[-4.63347,48.59991],[-4.63573,48.59953],[-4.63738,48.60015],[-4.63672,48.60227],[-4.63491,48.60147],[-4.63347,48.59991]]],[[[-4.05985,48.70267],[-4.06213,48.70277],[-4.06462,48.70426],[-4.06797,48.7047],[-4.06938,48.70561],[-4.07164,48.70471],[-4.07279,48.70574],[-4.07061,48.70675],[-4.06702,48.70642],[-4.06418,48.70662],[-4.06207,48.70556],[-4.06024,48.70567],[-4.05985,48.70267]]],[[[-4.17813,47.85103],[-4.17993,47.85206],[-4.17998,47.85296],[-4.18275,47.85479],[-4.18392,47.85667],[-4.18548,47.85681],[-4.18815,47.85886],[-4.18873,47.86086],[-4.1912,47.86185],[-4.19164,47.86331],[-4.1935,47.8642],[-4.19044,47.86604],[-4.18603,47.8662],[-4.186,47.86756],[-4.18202,47.86733],[-4.18147,47.8661],[-4.18249,47.86356],[-4.17982,47.86042],[-4.1807,47.85887],[-4.17803,47.8579],[-4.17768,47.85548],[-4.17638,47.85482],[-4.17693,47.85213],[-4.17813,47.85103]]],[[[-4.17666,47.84074],[-4.17963,47.84148],[-4.18167,47.84379],[-4.18385,47.84462],[-4.18414,47.846],[-4.18327,47.84709],[-4.1815,47.84742],[-4.18018,47.84541],[-4.17666,47.84398],[-4.17666,47.84074]]],[[[-4.18354,47.84875],[-4.18532,47.84905],[-4.18667,47.85019],[-4.18571,47.85102],[-4.18371,47.85067],[-4.18354,47.84875]]],[[[-4.33721,48.10015],[-4.3385,48.1007],[-4.3392,48.10301],[-4.33754,48.10324],[-4.33544,48.10164],[-4.33721,48.10015]]],[[[-4.53754,48.30184],[-4.53894,48.30262],[-4.53814,48.30375],[-4.53617,48.30419],[-4.53505,48.30291],[-4.53754,48.30184]]],[[[-4.5308,48.30352],[-4.53194,48.30445],[-4.52972,48.30644],[-4.52867,48.30524],[-4.5308,48.30352]]],[[[-4.9592,48.38941],[-4.96023,48.39048],[-4.96288,48.39098],[-4.9649,48.39229],[-4.96488,48.39632],[-4.96734,48.39788],[-4.96613,48.39927],[-4.96345,48.39998],[-4.96281,48.40169],[-4.95901,48.40122],[-4.95941,48.4002],[-4.95756,48.39919],[-4.95547,48.39643],[-4.95344,48.39607],[-4.95372,48.39288],[-4.95726,48.39153],[-4.9592,48.38941]]],[[[-4.98237,48.41991],[-4.9804,48.41899],[-4.98127,48.41703],[-4.98382,48.41636],[-4.98546,48.41689],[-4.98397,48.41926],[-4.98237,48.41991]]],[[[-4.78746,48.43734],[-4.79013,48.43798],[-4.7887,48.43889],[-4.78746,48.43734]]],[[[-4.61628,48.58497],[-4.61951,48.58531],[-4.61924,48.58622],[-4.61625,48.58677],[-4.61504,48.58589],[-4.61628,48.58497]]],[[[-4.86234,48.3413],[-4.86448,48.34248],[-4.86356,48.34421],[-4.85986,48.34525],[-4.85884,48.34623],[-4.85903,48.34793],[-4.85773,48.35072],[-4.85024,48.35327],[-4.84835,48.35479],[-4.84797,48.3564],[-4.84159,48.35491],[-4.8466,48.35206],[-4.84863,48.35148],[-4.85411,48.3487],[-4.85705,48.34647],[-4.85828,48.34509],[-4.85748,48.34283],[-4.86063,48.34222],[-4.86234,48.3413]]],[[[-4.89439,48.37236],[-4.90203,48.37305],[-4.90577,48.3723],[-4.90978,48.37322],[-4.91118,48.3744],[-4.91001,48.37528],[-4.90786,48.37398],[-4.90477,48.37476],[-4.90374,48.37369],[-4.90173,48.37383],[-4.89796,48.37588],[-4.89566,48.37544],[-4.8931,48.37411],[-4.89269,48.37323],[-4.89439,48.37236]]],[[[-4.94482,48.36993],[-4.94386,48.37161],[-4.93938,48.37262],[-4.93523,48.37534],[-4.93326,48.37478],[-4.93368,48.37299],[-4.93575,48.37277],[-4.93704,48.37142],[-4.94247,48.37107],[-4.94482,48.36993]]],[[[-4.94984,48.39787],[-4.95206,48.39913],[-4.95258,48.40083],[-4.95088,48.40084],[-4.95037,48.40204],[-4.94747,48.40259],[-4.94689,48.40136],[-4.94939,48.39998],[-4.94984,48.39787]]],[[[-4.89782,48.37814],[-4.89982,48.38023],[-4.90021,48.38301],[-4.89881,48.38264],[-4.89895,48.38137],[-4.89731,48.3803],[-4.89782,48.37814]]],[[[-3.92245,48.6796],[-3.9238,48.68011],[-3.92625,48.67993],[-3.92683,48.6808],[-3.92418,48.6814],[-3.92304,48.68267],[-3.92316,48.68407],[-3.92448,48.6854],[-3.92643,48.68574],[-3.92642,48.68728],[-3.92539,48.68936],[-3.92897,48.69192],[-3.92901,48.69322],[-3.92673,48.69521],[-3.92604,48.69673],[-3.92696,48.69753],[-3.92601,48.69917],[-3.92276,48.69772],[-3.92243,48.69666],[-3.92481,48.69611],[-3.92452,48.69438],[-3.92232,48.69268],[-3.92272,48.69149],[-3.92542,48.69026],[-3.92446,48.68905],[-3.92236,48.68903],[-3.92232,48.6861],[-3.92047,48.68552],[-3.91929,48.68424],[-3.91977,48.68267],[-3.92238,48.68285],[-3.92245,48.6796]]],[[[-4.57115,48.6051],[-4.57288,48.60622],[-4.5742,48.60799],[-4.57169,48.6085],[-4.56926,48.60762],[-4.56988,48.60582],[-4.57115,48.6051]]],[[[-4.55386,48.6273],[-4.5553,48.62734],[-4.55655,48.62902],[-4.55826,48.6291],[-4.55776,48.63081],[-4.55626,48.63035],[-4.55503,48.62893],[-4.55168,48.62927],[-4.55386,48.6273]]],[[[-4.5682,48.63739],[-4.57067,48.63797],[-4.56969,48.64019],[-4.56665,48.63844],[-4.5682,48.63739]]],[[[-4.593,48.62228],[-4.59464,48.62327],[-4.59474,48.62543],[-4.59299,48.6255],[-4.59343,48.62383],[-4.593,48.62228]]],[[[-4.4044,48.63862],[-4.40598,48.6393],[-4.40351,48.64049],[-4.403,48.63934],[-4.4044,48.63862]]],[[[-4.27801,48.28186],[-4.28104,48.28232],[-4.28201,48.28357],[-4.28011,48.28495],[-4.2784,48.28482],[-4.27731,48.28385],[-4.27801,48.28186]]],[[[-5.1026,48.43612],[-5.10429,48.43682],[-5.10591,48.43635],[-5.10898,48.43647],[-5.11131,48.43567],[-5.11242,48.43674],[-5.1143,48.43715],[-5.11736,48.43898],[-5.11385,48.43903],[-5.11254,48.43853],[-5.10903,48.43953],[-5.10913,48.44156],[-5.11125,48.44173],[-5.10919,48.44336],[-5.10506,48.44476],[-5.10215,48.444],[-5.10148,48.44496],[-5.09944,48.4445],[-5.0979,48.4451],[-5.09748,48.4477],[-5.09469,48.44815],[-5.092,48.45019],[-5.09331,48.45259],[-5.09789,48.45363],[-5.09875,48.45629],[-5.09998,48.45635],[-5.10363,48.45529],[-5.10538,48.45522],[-5.10782,48.4542],[-5.1101,48.45396],[-5.11339,48.45293],[-5.11464,48.45298],[-5.11769,48.45165],[-5.12011,48.45276],[-5.12073,48.45204],[-5.12342,48.45185],[-5.12687,48.44937],[-5.12826,48.4496],[-5.13085,48.44884],[-5.13399,48.44845],[-5.1362,48.45012],[-5.138,48.44841],[-5.14026,48.44804],[-5.14014,48.45184],[-5.13727,48.4522],[-5.13329,48.45555],[-5.13245,48.45723],[-5.13319,48.45854],[-5.13146,48.45969],[-5.12679,48.46022],[-5.12678,48.46108],[-5.12305,48.46205],[-5.12087,48.46197],[-5.12004,48.46284],[-5.11793,48.46325],[-5.1146,48.46505],[-5.11274,48.46486],[-5.11052,48.46546],[-5.10727,48.46553],[-5.10624,48.46646],[-5.10904,48.46782],[-5.10661,48.46974],[-5.10672,48.47181],[-5.10495,48.47232],[-5.10138,48.47248],[-5.09728,48.47329],[-5.09497,48.47281],[-5.09526,48.47487],[-5.0939,48.47487],[-5.09142,48.47639],[-5.09014,48.47331],[-5.08536,48.47312],[-5.08289,48.47243],[-5.08138,48.47335],[-5.07691,48.47431],[-5.07488,48.47526],[-5.07424,48.47693],[-5.07278,48.47715],[-5.07089,48.47913],[-5.07213,48.48009],[-5.07568,48.47977],[-5.07621,48.48063],[-5.07252,48.48273],[-5.06951,48.48171],[-5.06641,48.48192],[-5.06447,48.47983],[-5.06139,48.47826],[-5.06009,48.47591],[-5.05639,48.47661],[-5.05561,48.47729],[-5.05254,48.47766],[-5.0503,48.47628],[-5.0506,48.47513],[-5.05564,48.47204],[-5.05653,48.47068],[-5.05424,48.46946],[-5.057,48.46829],[-5.05861,48.46688],[-5.05497,48.46653],[-5.05379,48.46503],[-5.05061,48.46645],[-5.04865,48.46514],[-5.04975,48.46389],[-5.04699,48.46307],[-5.04546,48.46431],[-5.04387,48.46386],[-5.04277,48.46493],[-5.04002,48.46516],[-5.03784,48.46413],[-5.03438,48.46332],[-5.03503,48.46083],[-5.03766,48.4584],[-5.04071,48.45785],[-5.04452,48.45791],[-5.04522,48.45845],[-5.048,48.4584],[-5.04896,48.45902],[-5.05094,48.45762],[-5.05089,48.4569],[-5.05508,48.45486],[-5.05489,48.45366],[-5.05671,48.45255],[-5.05846,48.45244],[-5.05863,48.44994],[-5.06273,48.44876],[-5.06368,48.4506],[-5.0654,48.45026],[-5.06672,48.44909],[-5.06819,48.45085],[-5.07023,48.45175],[-5.07245,48.45116],[-5.07354,48.44977],[-5.07615,48.44901],[-5.07962,48.4509],[-5.08095,48.44942],[-5.08308,48.44815],[-5.08458,48.44589],[-5.08675,48.44592],[-5.08746,48.4443],[-5.08697,48.4432],[-5.08887,48.44049],[-5.09431,48.4396],[-5.09547,48.4406],[-5.09766,48.43929],[-5.10101,48.43861],[-5.1026,48.43612]]],[[[-5.09629,48.47755],[-5.1009,48.47928],[-5.10224,48.48056],[-5.10419,48.48087],[-5.1027,48.48233],[-5.1016,48.48095],[-5.09784,48.48161],[-5.09509,48.48142],[-5.09392,48.48218],[-5.09227,48.48162],[-5.09244,48.48043],[-5.09017,48.47994],[-5.08996,48.47896],[-5.0923,48.47813],[-5.09629,48.47755]]],[[[-4.77512,48.52668],[-4.77627,48.52701],[-4.77691,48.5301],[-4.77334,48.53082],[-4.77249,48.5273],[-4.77512,48.52668]]],[[[-2.15926,48.6372],[-2.16138,48.63725],[-2.16176,48.6385],[-2.16047,48.63935],[-2.15857,48.63938],[-2.15926,48.6372]]],[[[-1.83982,48.70717],[-1.83923,48.7098],[-1.83711,48.71199],[-1.83556,48.71223],[-1.83982,48.70717]]],[[[-1.95373,48.69689],[-1.95481,48.6992],[-1.95253,48.69878],[-1.95373,48.69689]]],[[[-2.07416,48.67467],[-2.07529,48.67597],[-2.07352,48.67726],[-2.07057,48.67791],[-2.06943,48.67877],[-2.06783,48.67699],[-2.07213,48.67566],[-2.07416,48.67467]]],[[[-3.01322,47.41074],[-3.01772,47.41124],[-3.01572,47.41247],[-3.01214,47.41191],[-3.01322,47.41074]]],[[[-3.42179,47.62],[-3.42301,47.62026],[-3.4267,47.62345],[-3.42902,47.62451],[-3.43039,47.62363],[-3.43265,47.62347],[-3.43354,47.62555],[-3.43463,47.62586],[-3.43557,47.62779],[-3.43899,47.62852],[-3.44054,47.628],[-3.44054,47.62678],[-3.44259,47.62488],[-3.44464,47.62468],[-3.4466,47.62314],[-3.45052,47.62344],[-3.45378,47.62224],[-3.45577,47.62268],[-3.4577,47.62091],[-3.46024,47.62156],[-3.46262,47.62017],[-3.46537,47.62148],[-3.46469,47.62309],[-3.4696,47.62474],[-3.47371,47.62702],[-3.47642,47.62729],[-3.47905,47.62697],[-3.48101,47.62845],[-3.48282,47.628],[-3.48671,47.62875],[-3.48566,47.62949],[-3.48589,47.63101],[-3.4845,47.63112],[-3.48347,47.63266],[-3.48959,47.6319],[-3.49252,47.63243],[-3.49689,47.6351],[-3.50008,47.63629],[-3.50082,47.63814],[-3.50423,47.63887],[-3.50626,47.63972],[-3.50845,47.64137],[-3.50826,47.64205],[-3.51144,47.64307],[-3.51247,47.64513],[-3.51509,47.64713],[-3.51361,47.65013],[-3.51223,47.65146],[-3.50915,47.65134],[-3.5038,47.65188],[-3.50248,47.65321],[-3.50031,47.65346],[-3.49389,47.65333],[-3.49284,47.65293],[-3.48486,47.65266],[-3.48222,47.65039],[-3.48014,47.64978],[-3.47817,47.65006],[-3.47573,47.6491],[-3.47287,47.64857],[-3.47027,47.64914],[-3.46861,47.64869],[-3.46575,47.64933],[-3.46321,47.64805],[-3.45961,47.64567],[-3.45468,47.64515],[-3.45287,47.64438],[-3.44885,47.64431],[-3.44731,47.64299],[-3.44259,47.64386],[-3.43755,47.64406],[-3.43184,47.64245],[-3.42991,47.64304],[-3.42892,47.64138],[-3.42713,47.64084],[-3.42337,47.63814],[-3.42272,47.63718],[-3.42056,47.63634],[-3.41681,47.63427],[-3.41513,47.63228],[-3.41542,47.63136],[-3.41752,47.62973],[-3.41884,47.62781],[-3.41812,47.62555],[-3.41993,47.62433],[-3.42137,47.62227],[-3.42179,47.62]]],[[[-2.9974,47.39276],[-2.99872,47.39328],[-2.99932,47.3947],[-2.99567,47.39536],[-2.99561,47.3941],[-2.9974,47.39276]]],[[[-3.19531,47.29175],[-3.19711,47.29306],[-3.19484,47.29353],[-3.19531,47.29175]]],[[[-2.96893,47.35552],[-2.97103,47.35588],[-2.97266,47.35761],[-2.97048,47.3583],[-2.96854,47.35753],[-2.96893,47.35552]]],[[[-2.8837,47.34309],[-2.88164,47.34336],[-2.87646,47.34324],[-2.8758,47.3425],[-2.87257,47.34345],[-2.86972,47.34615],[-2.86855,47.34778],[-2.86628,47.34897],[-2.86336,47.34897],[-2.86233,47.34654],[-2.86249,47.3435],[-2.86104,47.34082],[-2.86231,47.34023],[-2.86437,47.33684],[-2.86842,47.3363],[-2.86955,47.33571],[-2.87455,47.33526],[-2.87567,47.3344],[-2.87624,47.33216],[-2.87766,47.3325],[-2.88027,47.33198],[-2.88048,47.33012],[-2.88243,47.3303],[-2.88121,47.3322],[-2.88192,47.33335],[-2.8852,47.33221],[-2.88737,47.33337],[-2.88661,47.33511],[-2.88864,47.33692],[-2.89063,47.33768],[-2.88878,47.33903],[-2.88744,47.34085],[-2.88808,47.3433],[-2.89108,47.34492],[-2.89165,47.34669],[-2.89041,47.34685],[-2.88801,47.34466],[-2.8837,47.34309]]],[[[-3.23545,47.32382],[-3.23656,47.32755],[-3.23833,47.32665],[-3.24106,47.32809],[-3.24361,47.32838],[-3.2457,47.32995],[-3.24862,47.33067],[-3.24838,47.33284],[-3.24965,47.33341],[-3.24949,47.3358],[-3.25098,47.33609],[-3.25249,47.33521],[-3.25391,47.33749],[-3.25226,47.3382],[-3.25512,47.34081],[-3.25457,47.34246],[-3.25592,47.34262],[-3.25735,47.34503],[-3.25492,47.34704],[-3.25493,47.3484],[-3.25682,47.34875],[-3.25916,47.35144],[-3.26006,47.35058],[-3.26292,47.35125],[-3.26355,47.35226],[-3.26208,47.35328],[-3.26243,47.35416],[-3.26066,47.35695],[-3.25918,47.35797],[-3.26102,47.35901],[-3.26281,47.36212],[-3.26004,47.36424],[-3.26184,47.36695],[-3.25869,47.36855],[-3.25905,47.37002],[-3.26233,47.37157],[-3.25613,47.37326],[-3.25249,47.372],[-3.24695,47.37114],[-3.24653,47.37207],[-3.24964,47.37457],[-3.25142,47.37444],[-3.25317,47.37535],[-3.25228,47.3776],[-3.24911,47.37906],[-3.24888,47.38183],[-3.25036,47.38392],[-3.24956,47.38585],[-3.24722,47.38754],[-3.2447,47.38762],[-3.24149,47.38484],[-3.2416,47.38339],[-3.23653,47.38183],[-3.23501,47.37939],[-3.23344,47.37897],[-3.22961,47.3792],[-3.22747,47.37835],[-3.22341,47.37832],[-3.2199,47.37962],[-3.21753,47.37792],[-3.21865,47.37593],[-3.2182,47.37289],[-3.21988,47.37173],[-3.21949,47.37053],[-3.21642,47.37297],[-3.21635,47.37361],[-3.21163,47.37294],[-3.21035,47.3734],[-3.20796,47.3727],[-3.20645,47.37093],[-3.20306,47.37213],[-3.20061,47.37225],[-3.19967,47.37022],[-3.19685,47.36981],[-3.19621,47.3675],[-3.19464,47.36721],[-3.19352,47.36591],[-3.19091,47.36504],[-3.18968,47.36407],[-3.18564,47.36417],[-3.18296,47.36457],[-3.17954,47.36415],[-3.17351,47.36177],[-3.17175,47.36136],[-3.16614,47.36226],[-3.16338,47.36199],[-3.16023,47.36236],[-3.15901,47.364],[-3.15729,47.36462],[-3.15538,47.36155],[-3.15654,47.36064],[-3.15595,47.35873],[-3.15606,47.35656],[-3.15367,47.35392],[-3.15305,47.3499],[-3.15347,47.34753],[-3.15126,47.34547],[-3.14904,47.34436],[-3.14918,47.34332],[-3.14526,47.34319],[-3.14566,47.33934],[-3.1453,47.33846],[-3.14649,47.33714],[-3.14632,47.3348],[-3.1425,47.33182],[-3.14098,47.33117],[-3.13856,47.32899],[-3.13605,47.32844],[-3.13163,47.32801],[-3.12861,47.32897],[-3.12396,47.32882],[-3.12539,47.32659],[-3.12405,47.32517],[-3.11966,47.32375],[-3.11255,47.32431],[-3.11382,47.32308],[-3.11102,47.31902],[-3.10475,47.3167],[-3.10086,47.31558],[-3.09312,47.31513],[-3.09051,47.31616],[-3.08593,47.31614],[-3.08367,47.31666],[-3.08094,47.31661],[-3.07917,47.31737],[-3.0762,47.31687],[-3.07476,47.31771],[-3.07231,47.31706],[-3.0702,47.3172],[-3.06675,47.31655],[-3.0624,47.31486],[-3.06054,47.31283],[-3.05824,47.31172],[-3.0559,47.30817],[-3.05794,47.30673],[-3.0608,47.30745],[-3.06474,47.30709],[-3.0655,47.30551],[-3.06553,47.30376],[-3.06632,47.30187],[-3.06531,47.30097],[-3.06682,47.29955],[-3.06803,47.29715],[-3.06766,47.29604],[-3.0722,47.29501],[-3.0724,47.29442],[-3.07532,47.29257],[-3.07715,47.28834],[-3.07493,47.2874],[-3.07592,47.28605],[-3.07737,47.28594],[-3.07858,47.28484],[-3.08121,47.284],[-3.08496,47.28377],[-3.08656,47.28307],[-3.08823,47.2806],[-3.09184,47.2784],[-3.09618,47.27878],[-3.09679,47.28015],[-3.09449,47.28166],[-3.09464,47.28314],[-3.09622,47.28297],[-3.09878,47.28403],[-3.10001,47.28316],[-3.10192,47.28433],[-3.10663,47.28505],[-3.10761,47.28686],[-3.11004,47.28796],[-3.11227,47.28767],[-3.11344,47.28875],[-3.11717,47.28775],[-3.11998,47.2892],[-3.12077,47.29043],[-3.12289,47.29055],[-3.1261,47.2895],[-3.12767,47.28803],[-3.13023,47.28705],[-3.1308,47.28811],[-3.13419,47.28772],[-3.13621,47.28798],[-3.13965,47.28597],[-3.14221,47.28761],[-3.13782,47.28881],[-3.13909,47.28956],[-3.14186,47.28943],[-3.1482,47.29309],[-3.15237,47.29371],[-3.15704,47.29331],[-3.15807,47.29236],[-3.16063,47.29481],[-3.16055,47.29647],[-3.16276,47.2961],[-3.16425,47.29778],[-3.16547,47.29723],[-3.16743,47.29831],[-3.16764,47.30159],[-3.16915,47.30157],[-3.16893,47.30004],[-3.17116,47.30048],[-3.17383,47.30184],[-3.17538,47.3015],[-3.17752,47.29913],[-3.17972,47.29863],[-3.18241,47.29904],[-3.18229,47.29589],[-3.18428,47.29534],[-3.18894,47.29489],[-3.19269,47.2939],[-3.19617,47.29373],[-3.1967,47.2943],[-3.19982,47.29496],[-3.20077,47.29636],[-3.20214,47.29688],[-3.20103,47.29959],[-3.20287,47.29941],[-3.20462,47.29843],[-3.20645,47.29631],[-3.20573,47.29386],[-3.20809,47.29362],[-3.21205,47.29532],[-3.214,47.2936],[-3.21686,47.29382],[-3.21838,47.29244],[-3.22099,47.29516],[-3.22474,47.29628],[-3.22496,47.29771],[-3.22325,47.2978],[-3.2233,47.29965],[-3.22502,47.30015],[-3.22712,47.29991],[-3.23253,47.30231],[-3.23381,47.30121],[-3.23595,47.30147],[-3.23885,47.30313],[-3.2385,47.30554],[-3.2407,47.30625],[-3.23844,47.30811],[-3.24119,47.30834],[-3.2419,47.30944],[-3.24425,47.30855],[-3.24488,47.31073],[-3.2464,47.3126],[-3.24828,47.3135],[-3.24961,47.31668],[-3.24588,47.3165],[-3.24418,47.3174],[-3.24433,47.32005],[-3.24366,47.32071],[-3.24006,47.3217],[-3.23968,47.32311],[-3.23792,47.32469],[-3.23545,47.32382]]],[[[-2.94815,47.37334],[-2.94896,47.37488],[-2.95087,47.37533],[-2.95286,47.37736],[-2.95657,47.37791],[-2.95573,47.38015],[-2.95662,47.38183],[-2.95872,47.38363],[-2.96078,47.38421],[-2.96196,47.38348],[-2.96486,47.38461],[-2.96741,47.38418],[-2.96984,47.38528],[-2.97396,47.38532],[-2.97718,47.38769],[-2.97688,47.38929],[-2.97975,47.38952],[-2.97966,47.3906],[-2.98373,47.39343],[-2.98563,47.39321],[-2.9862,47.39422],[-2.98902,47.39463],[-2.99208,47.39331],[-2.99368,47.39342],[-2.99375,47.39473],[-2.99236,47.39547],[-2.99179,47.39703],[-2.99431,47.39899],[-2.99039,47.40237],[-2.98857,47.39938],[-2.98431,47.39922],[-2.98181,47.40015],[-2.98121,47.39878],[-2.97898,47.39708],[-2.97707,47.39658],[-2.97139,47.39355],[-2.96914,47.39361],[-2.96773,47.39282],[-2.96579,47.39331],[-2.96329,47.39284],[-2.96065,47.39372],[-2.95911,47.39361],[-2.95819,47.39222],[-2.95454,47.39103],[-2.95175,47.39088],[-2.94993,47.39133],[-2.94899,47.39245],[-2.9453,47.3928],[-2.94132,47.39488],[-2.93938,47.3947],[-2.93899,47.39345],[-2.9404,47.39226],[-2.9438,47.39112],[-2.9484,47.3892],[-2.95153,47.38734],[-2.95344,47.38513],[-2.95395,47.38367],[-2.9531,47.38118],[-2.94963,47.3803],[-2.94815,47.37334]]],[[[-3.2514,47.38631],[-3.25302,47.38784],[-3.25305,47.38929],[-3.24912,47.38926],[-3.25007,47.38691],[-3.2514,47.38631]]],[[[-2.59313,47.52759],[-2.59179,47.52688],[-2.59191,47.5253],[-2.59361,47.52495],[-2.59472,47.52617],[-2.59313,47.52759]]],[[[-3.13883,47.71281],[-3.13646,47.71377],[-3.13674,47.71205],[-3.13883,47.71281]]],[[[-2.85956,47.55989],[-2.86089,47.56191],[-2.86063,47.56462],[-2.86113,47.56776],[-2.86185,47.56971],[-2.85988,47.57201],[-2.86007,47.57331],[-2.85874,47.57602],[-2.85809,47.5789],[-2.857,47.58007],[-2.85715,47.5829],[-2.85622,47.58573],[-2.85613,47.58741],[-2.85698,47.59012],[-2.85578,47.59071],[-2.85385,47.59414],[-2.85168,47.59518],[-2.85128,47.59854],[-2.85281,47.59981],[-2.85519,47.60039],[-2.85397,47.60139],[-2.85172,47.60103],[-2.85032,47.59894],[-2.84866,47.59829],[-2.84611,47.59944],[-2.84247,47.60451],[-2.84022,47.60538],[-2.83887,47.6072],[-2.83675,47.60599],[-2.83789,47.604],[-2.83927,47.5997],[-2.84087,47.59904],[-2.84194,47.59701],[-2.83991,47.59462],[-2.84067,47.59351],[-2.83792,47.59191],[-2.83526,47.59204],[-2.83389,47.59309],[-2.83211,47.59326],[-2.82832,47.59131],[-2.82446,47.59066],[-2.82393,47.58857],[-2.82539,47.58783],[-2.82761,47.58945],[-2.83199,47.58997],[-2.8347,47.58913],[-2.8374,47.58735],[-2.8395,47.58905],[-2.84506,47.59002],[-2.84676,47.58972],[-2.8496,47.58738],[-2.85162,47.58351],[-2.85214,47.58133],[-2.85159,47.5791],[-2.85051,47.57765],[-2.85285,47.57566],[-2.85547,47.57464],[-2.85571,47.57291],[-2.85304,47.57217],[-2.85357,47.57076],[-2.85305,47.56821],[-2.85109,47.56726],[-2.84877,47.56737],[-2.84886,47.56619],[-2.85152,47.56625],[-2.85453,47.56571],[-2.85792,47.56632],[-2.85934,47.56518],[-2.85804,47.56402],[-2.85837,47.56202],[-2.85754,47.56103],[-2.85956,47.55989]]],[[[-2.80961,47.57826],[-2.81267,47.57893],[-2.81161,47.58182],[-2.81362,47.58394],[-2.8108,47.58438],[-2.80796,47.58604],[-2.80554,47.58588],[-2.80476,47.58681],[-2.81105,47.58843],[-2.81287,47.59068],[-2.80909,47.59225],[-2.80796,47.5923],[-2.80528,47.59413],[-2.80216,47.59558],[-2.80109,47.59693],[-2.79896,47.59694],[-2.79559,47.59862],[-2.79511,47.60134],[-2.79598,47.6041],[-2.79474,47.60564],[-2.79329,47.60579],[-2.79221,47.6044],[-2.79395,47.60229],[-2.79393,47.60153],[-2.79179,47.60072],[-2.78973,47.60082],[-2.78788,47.59954],[-2.78656,47.59483],[-2.78907,47.59386],[-2.79225,47.59363],[-2.79425,47.59228],[-2.79449,47.59073],[-2.79859,47.58965],[-2.79931,47.58755],[-2.80147,47.58646],[-2.80354,47.58168],[-2.80698,47.58139],[-2.80754,47.57961],[-2.80961,47.57826]]],[[[-2.72741,47.57259],[-2.72987,47.57461],[-2.73347,47.57886],[-2.73818,47.58069],[-2.73787,47.58164],[-2.73874,47.58377],[-2.73643,47.58405],[-2.73302,47.58181],[-2.73032,47.58139],[-2.72873,47.58019],[-2.72668,47.57961],[-2.72524,47.5771],[-2.72405,47.57644],[-2.72577,47.57492],[-2.72741,47.57259]]],[[[-2.78595,47.56848],[-2.78727,47.56911],[-2.78956,47.56869],[-2.79111,47.56952],[-2.79443,47.57018],[-2.79539,47.571],[-2.79435,47.57348],[-2.79261,47.5746],[-2.79349,47.57627],[-2.79191,47.57778],[-2.79253,47.57942],[-2.79078,47.57986],[-2.79138,47.57703],[-2.79016,47.57628],[-2.78596,47.57547],[-2.78586,47.57372],[-2.78907,47.5725],[-2.78927,47.57114],[-2.78595,47.56848]]],[[[-2.75329,47.6022],[-2.75727,47.6054],[-2.75989,47.60646],[-2.76266,47.60548],[-2.7663,47.60649],[-2.77026,47.60613],[-2.76988,47.60701],[-2.771,47.61034],[-2.76887,47.61043],[-2.76674,47.60913],[-2.76489,47.60985],[-2.7619,47.6079],[-2.75955,47.60706],[-2.75692,47.60735],[-2.75474,47.60682],[-2.75235,47.60354],[-2.75329,47.6022]]],[[[-2.77709,47.58636],[-2.77861,47.58639],[-2.78048,47.58833],[-2.78017,47.5893],[-2.78304,47.59079],[-2.78331,47.58952],[-2.78618,47.58952],[-2.78306,47.59309],[-2.78142,47.59334],[-2.77903,47.59273],[-2.77708,47.59317],[-2.7753,47.5955],[-2.77448,47.5946],[-2.77482,47.59268],[-2.77642,47.59126],[-2.77745,47.58874],[-2.77647,47.58693],[-2.77709,47.58636]]],[[[-2.90904,47.56668],[-2.91015,47.56709],[-2.91075,47.56985],[-2.91057,47.57211],[-2.912,47.5757],[-2.91045,47.57761],[-2.90875,47.57724],[-2.90816,47.57389],[-2.90828,47.56983],[-2.90632,47.56883],[-2.90668,47.56774],[-2.90904,47.56668]]],[[[-2.89901,47.57105],[-2.90147,47.5723],[-2.90013,47.57353],[-2.89853,47.57635],[-2.89608,47.57642],[-2.89574,47.57296],[-2.89901,47.57105]]],[[[-2.72586,47.5906],[-2.72945,47.59256],[-2.72934,47.59351],[-2.72758,47.59543],[-2.72333,47.59337],[-2.72272,47.59267],[-2.72354,47.59074],[-2.72586,47.5906]]],[[[-2.88918,47.56523],[-2.89041,47.56685],[-2.88877,47.57044],[-2.88889,47.57165],[-2.88673,47.57143],[-2.88664,47.56977],[-2.8856,47.56883],[-2.88656,47.56703],[-2.88844,47.56653],[-2.88918,47.56523]]],[[[-2.78787,47.56142],[-2.78919,47.56203],[-2.79228,47.56226],[-2.79531,47.56474],[-2.79301,47.56502],[-2.79107,47.56353],[-2.78724,47.56329],[-2.78787,47.56142]]],[[[-2.7743,47.61285],[-2.77564,47.61347],[-2.77864,47.61365],[-2.78423,47.61552],[-2.78303,47.61693],[-2.78073,47.61595],[-2.77998,47.61499],[-2.77476,47.61488],[-2.7743,47.61285]]],[[[-2.8469,47.60959],[-2.85187,47.61076],[-2.85237,47.61173],[-2.85079,47.61329],[-2.84837,47.61241],[-2.84562,47.61082],[-2.8469,47.60959]]],[[[-2.8468,47.55397],[-2.84741,47.55611],[-2.84575,47.55618],[-2.84451,47.55715],[-2.84492,47.56001],[-2.84263,47.56038],[-2.84271,47.55776],[-2.8442,47.55531],[-2.8468,47.55397]]],[[[-2.92842,47.57739],[-2.92996,47.5789],[-2.93082,47.58143],[-2.92944,47.58167],[-2.92583,47.5789],[-2.92842,47.57739]]],[[[-2.80915,47.59424],[-2.81152,47.59593],[-2.81293,47.59812],[-2.81239,47.59873],[-2.8085,47.59647],[-2.80915,47.59424]]],[[[-2.80512,47.56079],[-2.8062,47.56165],[-2.80757,47.56406],[-2.80651,47.56559],[-2.80336,47.56326],[-2.80499,47.56228],[-2.80512,47.56079]]],[[[-2.83027,47.55656],[-2.83209,47.55743],[-2.83267,47.55857],[-2.83124,47.56026],[-2.82879,47.55839],[-2.82904,47.55689],[-2.83027,47.55656]]],[[[-2.84854,47.56021],[-2.85076,47.5611],[-2.85039,47.56287],[-2.84877,47.56258],[-2.84671,47.56128],[-2.84854,47.56021]]],[[[-2.9298,47.58391],[-2.93327,47.58465],[-2.93302,47.58548],[-2.93062,47.58612],[-2.92867,47.58603],[-2.9298,47.58391]]],[[[-2.8046,47.60714],[-2.80562,47.60863],[-2.80269,47.60867],[-2.8009,47.60942],[-2.80051,47.60759],[-2.80295,47.60789],[-2.8046,47.60714]]],[[[-2.74768,47.5749],[-2.74993,47.57621],[-2.74824,47.57727],[-2.74633,47.57618],[-2.74768,47.5749]]],[[[-2.88379,47.56525],[-2.88737,47.56298],[-2.88607,47.56546],[-2.88379,47.56525]]],[[[-2.76314,47.59036],[-2.76477,47.59195],[-2.76232,47.59216],[-2.76314,47.59036]]],[[[-2.91346,47.5777],[-2.91456,47.57811],[-2.91461,47.57987],[-2.91222,47.57862],[-2.91346,47.5777]]],[[[-2.86899,47.57664],[-2.86955,47.57762],[-2.86788,47.57894],[-2.8666,47.57811],[-2.86899,47.57664]]],[[[-2.72368,47.59848],[-2.72593,47.59965],[-2.72346,47.60043],[-2.72368,47.59848]]],[[[-3.16005,47.71906],[-3.15942,47.72008],[-3.15621,47.7201],[-3.15576,47.71633],[-3.15654,47.71354],[-3.15891,47.71195],[-3.15841,47.7103],[-3.15688,47.70852],[-3.1587,47.70673],[-3.16059,47.707],[-3.16027,47.70836],[-3.16204,47.71058],[-3.16237,47.71183],[-3.16111,47.71392],[-3.1616,47.7166],[-3.16356,47.71876],[-3.16285,47.72033],[-3.16005,47.71906]]],[[[-3.17005,47.68541],[-3.17199,47.68559],[-3.17288,47.68766],[-3.1702,47.68878],[-3.16944,47.68733],[-3.17005,47.68541]]],[[[-3.17801,47.68629],[-3.17983,47.68711],[-3.17898,47.68926],[-3.17764,47.68974],[-3.17658,47.68735],[-3.17801,47.68629]]],[[[-3.18521,47.68609],[-3.18693,47.68794],[-3.18515,47.68812],[-3.18391,47.68714],[-3.18521,47.68609]]]]},"properties":{"code":"53","nom":"Bretagne"}},{"type":"Feature","geometry":{"type":"MultiPolygon","coordinates":[[[[1.41519,46.34722],[1.43977,46.3655],[1.46892,46.3839],[1.50692,46.41091],[1.54024,46.42062],[1.56002,46.40012],[1.60925,46.42312],[1.62166,46.39477],[1.65648,46.39755],[1.70088,46.40347],[1.73922,46.40125],[1.74759,46.45002],[1.81204,46.44183],[1.8462,46.4284],[1.89177,46.43981],[1.93535,46.43253],[1.99874,46.4299],[2.0836,46.41145],[2.12701,46.4191],[2.19419,46.42599],[2.24441,46.42578],[2.28477,46.39359],[2.32464,46.37737],[2.31255,46.35771],[2.31354,46.33508],[2.35016,46.32433],[2.37958,46.32761],[2.41578,46.29992],[2.44303,46.295],[2.47813,46.26788],[2.50601,46.24229],[2.52055,46.20835],[2.54,46.17696],[2.56287,46.14915],[2.55437,46.1279],[2.55181,46.10042],[2.5595,46.06748],[2.58528,46.04117],[2.60041,46.01183],[2.6056,45.98069],[2.57325,45.95926],[2.54405,45.92841],[2.5419,45.90458],[2.50196,45.88705],[2.45425,45.86678],[2.44351,45.84515],[2.41594,45.8337],[2.40068,45.81729],[2.43279,45.78659],[2.46866,45.75632],[2.4938,45.73771],[2.52082,45.71163],[2.52427,45.68494],[2.51765,45.66323],[2.5143,45.63953],[2.48021,45.62599],[2.46737,45.59119],[2.49146,45.56795],[2.51697,45.55136],[2.51839,45.51821],[2.50871,45.47167],[2.49295,45.43854],[2.50985,45.40644],[2.50644,45.37833],[2.4716,45.37815],[2.42267,45.39723],[2.36957,45.41615],[2.36769,45.38327],[2.35026,45.34604],[2.31137,45.3159],[2.26441,45.28547],[2.24027,45.24759],[2.19116,45.22306],[2.19988,45.19797],[2.21837,45.17247],[2.20843,45.16032],[2.17949,45.13472],[2.17932,45.10751],[2.16572,45.08383],[2.12992,45.07769],[2.10093,45.05727],[2.11182,45.03074],[2.13933,45.00257],[2.10485,44.98056],[2.05929,44.97708],[2.00827,44.97623],[1.9564,44.95974],[1.93049,44.97683],[1.89899,44.96772],[1.86321,44.94783],[1.82996,44.93969],[1.79526,44.93057],[1.75365,44.93657],[1.7315,44.96454],[1.69681,44.99017],[1.66498,45.01205],[1.63379,45.03125],[1.58504,45.03828],[1.53493,45.04618],[1.48982,45.032],[1.45977,45.01368],[1.41435,44.99327],[1.41694,44.9622],[1.4331,44.93721],[1.42306,44.9186],[1.42016,44.89788],[1.42436,44.8725],[1.39436,44.84948],[1.36099,44.83188],[1.3305,44.80705],[1.30564,44.77195],[1.29554,44.73596],[1.26968,44.7207],[1.24193,44.69288],[1.19523,44.68343],[1.14903,44.65953],[1.13851,44.62521],[1.10253,44.58644],[1.07514,44.57732],[1.03389,44.55488],[0.99504,44.54973],[1.00339,44.52031],[1.01168,44.48862],[1.02305,44.4537],[1.0477,44.43017],[1.0583,44.39901],[1.05904,44.36683],[0.99356,44.36677],[0.95151,44.36158],[0.93649,44.37041],[0.88999,44.36843],[0.88758,44.33357],[0.87204,44.31064],[0.91982,44.29666],[0.95079,44.27506],[0.93345,44.25569],[0.92514,44.22633],[0.90379,44.18992],[0.85332,44.17969],[0.88482,44.16082],[0.87798,44.13657],[0.84902,44.13174],[0.78997,44.14108],[0.78309,44.11231],[0.74887,44.0978],[0.73992,44.06405],[0.68766,44.04589],[0.65559,44.03691],[0.62789,44.06063],[0.5826,44.07641],[0.53843,44.05295],[0.48975,44.05646],[0.44504,44.03943],[0.40231,44.0228],[0.35335,44.01536],[0.31353,43.99422],[0.25881,44.00611],[0.23145,44.01363],[0.2038,44.01594],[0.1664,43.98423],[0.12844,44.00109],[0.0979,43.9856],[0.06762,43.96708],[0.0627,43.94555],[0.07221,43.91013],[0.02486,43.90599],[-0.01718,43.92641],[-0.0009,43.96057],[-0.06908,43.95104],[-0.09937,43.93485],[-0.12335,43.94277],[-0.16562,43.92761],[-0.20009,43.91483],[-0.23337,43.90265],[-0.21891,43.89055],[-0.19151,43.87548],[-0.19572,43.86531],[-0.19102,43.83484],[-0.20246,43.80864],[-0.22196,43.78759],[-0.21927,43.75248],[-0.20278,43.73128],[-0.25063,43.70779],[-0.25682,43.68319],[-0.24787,43.65547],[-0.28072,43.63977],[-0.24768,43.61392],[-0.24284,43.58498],[-0.19861,43.58652],[-0.15622,43.58449],[-0.10835,43.58176],[-0.08997,43.55475],[-0.06068,43.54212],[-0.04013,43.51261],[-0.01891,43.47005],[-0.06575,43.46348],[-0.05815,43.42794],[-0.04288,43.41368],[-0.02204,43.43649],[0.00772,43.41982],[-0.0019,43.38729],[0.0142,43.35745],[-0.0215,43.32872],[-0.04439,43.28528],[-0.03156,43.24759],[-0.06152,43.22152],[-0.0716,43.19222],[-0.10666,43.16737],[-0.1386,43.14911],[-0.17038,43.1186],[-0.19795,43.10187],[-0.19232,43.05687],[-0.23416,43.03845],[-0.25898,43.01495],[-0.29241,42.98748],[-0.28374,42.95621],[-0.31093,42.92045],[-0.31544,42.889],[-0.31261,42.85133],[-0.34754,42.83591],[-0.38297,42.80718],[-0.44064,42.79545],[-0.48899,42.81703],[-0.52429,42.81216],[-0.56235,42.78052],[-0.60076,42.80631],[-0.62374,42.84109],[-0.66574,42.87344],[-0.7053,42.88453],[-0.73461,42.90696],[-0.73089,42.93869],[-0.77112,42.96636],[-0.83999,42.95262],[-0.91418,42.96378],[-0.97626,42.96629],[-1.02224,42.99266],[-1.07825,43.00012],[-1.12278,43.0157],[-1.15288,43.02893],[-1.23928,43.0477],[-1.28546,43.06163],[-1.30211,43.08717],[-1.27449,43.11357],[-1.3283,43.10871],[-1.34289,43.05449],[-1.47321,43.08676],[-1.42676,43.11874],[-1.41312,43.15151],[-1.38488,43.19151],[-1.37887,43.2277],[-1.41647,43.27253],[-1.48775,43.28127],[-1.54359,43.29212],[-1.57206,43.25287],[-1.62379,43.27085],[-1.65889,43.31367],[-1.72338,43.30001],[-1.73771,43.3304],[-1.77667,43.3449],[-1.78402,43.37336],[-1.74628,43.38287],[-1.6893,43.39542],[-1.66636,43.39988],[-1.62831,43.41519],[-1.60145,43.43329],[-1.57749,43.46414],[-1.55436,43.49012],[-1.52538,43.52721],[-1.46915,43.60696],[-1.4382,43.70109],[-1.4188,43.77448],[-1.39869,43.83768],[-1.37535,43.91229],[-1.35433,43.99154],[-1.3392,44.04964],[-1.32331,44.10472],[-1.30791,44.16652],[-1.29405,44.23846],[-1.27955,44.30977],[-1.2662,44.38523],[-1.25491,44.46293],[-1.25606,44.52892],[-1.21836,44.58973],[-1.19154,44.66073],[-1.14402,44.6565],[-1.13148,44.647],[-1.08037,44.64133],[-1.05512,44.64441],[-1.01965,44.64528],[-1.01413,44.66031],[-1.04029,44.68606],[-1.03979,44.6959],[-1.07845,44.72227],[-1.12258,44.75096],[-1.15117,44.7641],[-1.18001,44.7581],[-1.18982,44.73406],[-1.22727,44.70151],[-1.24487,44.6484],[-1.25325,44.61923],[-1.25573,44.68969],[-1.22875,44.83293],[-1.21306,44.93011],[-1.20173,45.01106],[-1.19396,45.07025],[-1.18552,45.1422],[-1.17468,45.21141],[-1.1621,45.30289],[-1.16049,45.39344],[-1.15619,45.47611],[-1.11882,45.52338],[-1.09536,45.55706],[-0.99026,45.59009],[-1.00963,45.61143],[-1.04221,45.61946],[-1.07519,45.63413],[-1.10414,45.64446],[-1.18196,45.68292],[-1.22109,45.67714],[-1.23875,45.71975],[-1.19849,45.79246],[-1.14909,45.79792],[-1.15238,45.8324],[-1.16488,45.85272],[-1.13794,45.86076],[-1.10127,45.87319],[-1.07827,45.9376],[-1.06432,45.94991],[-1.09935,45.99068],[-1.09787,45.99387],[-1.05324,46.01274],[-1.08884,46.05395],[-1.13152,46.1019],[-1.12823,46.12655],[-1.1738,46.13909],[-1.20564,46.14581],[-1.21911,46.17047],[-1.20549,46.20624],[-1.14845,46.23841],[-1.12039,46.28799],[-1.12216,46.3231],[-1.0836,46.31675],[-1.05338,46.349],[-0.96451,46.3654],[-0.93888,46.34565],[-0.94348,46.31828],[-0.90893,46.31424],[-0.86805,46.32638],[-0.83988,46.34037],[-0.80645,46.33437],[-0.75795,46.31125],[-0.72122,46.31203],[-0.64841,46.3169],[-0.6186,46.34014],[-0.557,46.36487],[-0.57358,46.40117],[-0.64064,46.39696],[-0.61814,46.43993],[-0.61684,46.46573],[-0.63124,46.50012],[-0.63707,46.52562],[-0.60241,46.54205],[-0.6198,46.5691],[-0.61399,46.59897],[-0.6151,46.62297],[-0.64828,46.64768],[-0.65788,46.67683],[-0.6627,46.70965],[-0.69316,46.72996],[-0.6999,46.75192],[-0.72575,46.77951],[-0.70088,46.81142],[-0.7372,46.82513],[-0.78165,46.84283],[-0.80094,46.86337],[-0.83021,46.88764],[-0.82736,46.92522],[-0.85706,46.9352],[-0.87128,46.94542],[-0.86058,46.9491],[-0.87854,46.95599],[-0.89413,46.96915],[-0.8685,46.97283],[-0.83136,46.98872],[-0.80043,46.99443],[-0.76525,46.99466],[-0.71588,46.98388],[-0.67469,46.99892],[-0.63512,46.99599],[-0.59715,47.00071],[-0.56398,47.02608],[-0.55827,47.05323],[-0.50763,47.0792],[-0.45891,47.08013],[-0.47256,47.05769],[-0.40932,47.06629],[-0.36354,47.09246],[-0.30475,47.09764],[-0.25526,47.10061],[-0.20627,47.09319],[-0.15993,47.10276],[-0.16598,47.0646],[-0.12297,47.05571],[-0.09806,47.09135],[-0.04013,47.08973],[-0.03263,47.12871],[0.04506,47.1653],[0.07956,47.13907],[0.10472,47.1208],[0.13694,47.118],[0.18151,47.11379],[0.18709,47.08223],[0.19739,47.0628],[0.24115,47.0708],[0.26817,47.04282],[0.30665,47.03507],[0.30976,46.99608],[0.29821,46.97126],[0.32383,46.93145],[0.38701,46.94217],[0.45369,46.94274],[0.53184,46.95695],[0.60114,46.96801],[0.57635,47.00453],[0.63341,46.98672],[0.69372,46.9732],[0.70641,46.91422],[0.75186,46.86253],[0.78237,46.8512],[0.80957,46.82633],[0.82804,46.7868],[0.86034,46.75523],[0.90893,46.72715],[0.91436,46.68767],[0.91775,46.65059],[0.90858,46.61169],[0.93785,46.58587],[0.98309,46.57166],[1.02494,46.54948],[1.06981,46.53748],[1.14406,46.4995],[1.13551,46.47089],[1.1834,46.42923],[1.19652,46.41176],[1.19426,46.38029],[1.22907,46.36629],[1.30206,46.37251],[1.31945,46.39094],[1.35734,46.39905],[1.41519,46.34722]],[[-0.10333,43.35858],[-0.10086,43.35854],[-0.09689,43.3579],[-0.09368,43.35779],[-0.09023,43.35935],[-0.09002,43.35454],[-0.09161,43.35109],[-0.08773,43.35089],[-0.08865,43.34661],[-0.08705,43.34519],[-0.08762,43.34383],[-0.08779,43.34059],[-0.08657,43.33616],[-0.08727,43.33384],[-0.08945,43.33398],[-0.09353,43.33312],[-0.09368,43.33362],[-0.09724,43.33453],[-0.10053,43.33657],[-0.10467,43.33703],[-0.10928,43.33792],[-0.11064,43.33659],[-0.11088,43.33477],[-0.11242,43.3346],[-0.11552,43.33238],[-0.11541,43.3295],[-0.11618,43.32868],[-0.11591,43.3266],[-0.11459,43.32479],[-0.11564,43.32288],[-0.11468,43.32199],[-0.11339,43.3195],[-0.1115,43.31814],[-0.11196,43.31653],[-0.1102,43.31218],[-0.10453,43.31218],[-0.09757,43.31386],[-0.09281,43.31045],[-0.08789,43.3092],[-0.07999,43.30753],[-0.07583,43.30694],[-0.07504,43.30714],[-0.07163,43.30969],[-0.0703,43.31025],[-0.0686,43.3125],[-0.06987,43.31378],[-0.07031,43.3166],[-0.06944,43.31842],[-0.06952,43.32102],[-0.06881,43.3223],[-0.06887,43.32394],[-0.06799,43.32477],[-0.0687,43.32813],[-0.06733,43.32887],[-0.06569,43.33229],[-0.06444,43.33358],[-0.06534,43.33594],[-0.06385,43.33898],[-0.06506,43.3399],[-0.06526,43.34161],[-0.06416,43.34199],[-0.0625,43.34671],[-0.06317,43.34795],[-0.06295,43.35034],[-0.06424,43.35154],[-0.06493,43.355],[-0.06926,43.35521],[-0.06943,43.3566],[-0.072,43.36132],[-0.07616,43.36303],[-0.07642,43.36457],[-0.08291,43.36636],[-0.08056,43.36907],[-0.08317,43.37135],[-0.08702,43.37172],[-0.08946,43.37279],[-0.0931,43.37388],[-0.09735,43.37406],[-0.10104,43.37358],[-0.10728,43.37073],[-0.10671,43.36742],[-0.10698,43.36625],[-0.10611,43.36172],[-0.10434,43.36134],[-0.10421,43.35892],[-0.10333,43.35858]],[[-0.10308,43.24282],[-0.10413,43.24465],[-0.10383,43.2496],[-0.10115,43.25137],[-0.09432,43.25472],[-0.09311,43.25231],[-0.09211,43.25206],[-0.08844,43.25422],[-0.08397,43.25782],[-0.07967,43.26264],[-0.07929,43.27166],[-0.08189,43.27504],[-0.08467,43.27681],[-0.08628,43.27983],[-0.09179,43.28093],[-0.09618,43.28548],[-0.09572,43.28629],[-0.09335,43.2931],[-0.08934,43.30084],[-0.09203,43.30047],[-0.09574,43.30209],[-0.09912,43.30324],[-0.10432,43.30686],[-0.10656,43.30759],[-0.11149,43.3104],[-0.11327,43.30879],[-0.11787,43.30779],[-0.11998,43.30625],[-0.12126,43.30254],[-0.12222,43.30143],[-0.12525,43.30002],[-0.12636,43.29873],[-0.12514,43.29443],[-0.12808,43.29229],[-0.13059,43.28873],[-0.13735,43.28574],[-0.13701,43.28481],[-0.13475,43.28392],[-0.13568,43.2824],[-0.13709,43.28198],[-0.13849,43.28036],[-0.1383,43.2742],[-0.14062,43.27194],[-0.14002,43.26958],[-0.13826,43.26574],[-0.13642,43.26298],[-0.13585,43.2611],[-0.13347,43.25846],[-0.12948,43.25603],[-0.12811,43.25425],[-0.12615,43.25281],[-0.12616,43.25159],[-0.1241,43.24632],[-0.12194,43.24335],[-0.12134,43.2409],[-0.11193,43.2424],[-0.10492,43.24291],[-0.10308,43.24282]]],[[[-1.11427,45.95173],[-1.1163,45.9522],[-1.11705,45.95479],[-1.1192,45.95707],[-1.12028,45.95996],[-1.11947,45.96143],[-1.11781,45.96188],[-1.11362,45.96188],[-1.11107,45.96123],[-1.10853,45.95892],[-1.10789,45.95687],[-1.10533,45.95439],[-1.10613,45.95368],[-1.10869,45.95428],[-1.11048,45.95409],[-1.11105,45.95285],[-1.11427,45.95173]]],[[[-1.4809,46.21003],[-1.48297,46.21221],[-1.48118,46.21269],[-1.47928,46.215],[-1.47618,46.21419],[-1.47372,46.21406],[-1.47098,46.21488],[-1.46982,46.21639],[-1.4671,46.21681],[-1.46725,46.21787],[-1.46547,46.21946],[-1.46629,46.21993],[-1.46628,46.22268],[-1.46549,46.22338],[-1.45697,46.22412],[-1.4563,46.22558],[-1.45919,46.22699],[-1.4582,46.22867],[-1.44982,46.22855],[-1.44525,46.22906],[-1.44057,46.22904],[-1.43437,46.22938],[-1.43056,46.22987],[-1.42483,46.23028],[-1.41294,46.23014],[-1.41024,46.2286],[-1.41052,46.22711],[-1.41471,46.22755],[-1.41707,46.22608],[-1.41849,46.22599],[-1.41937,46.22367],[-1.41724,46.2209],[-1.41906,46.21921],[-1.42204,46.21817],[-1.42937,46.21725],[-1.43429,46.21623],[-1.4374,46.21707],[-1.43914,46.21589],[-1.43967,46.21407],[-1.43736,46.21266],[-1.4395,46.21079],[-1.43919,46.21017],[-1.4334,46.21076],[-1.43141,46.21015],[-1.4309,46.20733],[-1.42923,46.20586],[-1.42729,46.20597],[-1.42594,46.20511],[-1.41851,46.20455],[-1.41274,46.20465],[-1.40864,46.20357],[-1.4042,46.20313],[-1.39192,46.20363],[-1.38431,46.20437],[-1.37655,46.20562],[-1.36945,46.20617],[-1.36824,46.20742],[-1.36511,46.20811],[-1.36293,46.20665],[-1.35787,46.20659],[-1.35472,46.20611],[-1.35332,46.20458],[-1.35122,46.20415],[-1.34159,46.19996],[-1.33734,46.19749],[-1.3317,46.19267],[-1.32596,46.18939],[-1.32135,46.18719],[-1.31705,46.18684],[-1.31052,46.18921],[-1.30795,46.19055],[-1.30601,46.19057],[-1.29707,46.18866],[-1.29276,46.18735],[-1.29049,46.1854],[-1.28979,46.18362],[-1.28693,46.18061],[-1.28903,46.1781],[-1.28639,46.17634],[-1.28382,46.17373],[-1.28217,46.17337],[-1.28152,46.17029],[-1.2832,46.16839],[-1.2818,46.16474],[-1.28027,46.16335],[-1.27424,46.16016],[-1.27239,46.15973],[-1.26812,46.15973],[-1.25893,46.16295],[-1.25815,46.16392],[-1.25559,46.1644],[-1.25495,46.16352],[-1.25556,46.16198],[-1.25679,46.16099],[-1.26252,46.15829],[-1.26714,46.1558],[-1.27351,46.15113],[-1.27471,46.14974],[-1.27754,46.14466],[-1.27956,46.14369],[-1.2825,46.14495],[-1.2854,46.14576],[-1.28838,46.1449],[-1.29273,46.14488],[-1.29719,46.14389],[-1.30153,46.14384],[-1.30477,46.14288],[-1.30815,46.14299],[-1.31371,46.14372],[-1.31624,46.14471],[-1.32163,46.14504],[-1.32564,46.1468],[-1.32877,46.14908],[-1.33737,46.15079],[-1.3399,46.1507],[-1.34298,46.15132],[-1.34886,46.15388],[-1.35337,46.15454],[-1.35695,46.15762],[-1.35939,46.15925],[-1.3624,46.16055],[-1.36466,46.16327],[-1.3709,46.16739],[-1.37763,46.17005],[-1.38035,46.17195],[-1.38612,46.17486],[-1.39153,46.17716],[-1.40112,46.1799],[-1.41053,46.18374],[-1.41497,46.18521],[-1.42013,46.1876],[-1.43127,46.1903],[-1.44006,46.1946],[-1.44646,46.1969],[-1.4616,46.20212],[-1.46779,46.20331],[-1.47185,46.20317],[-1.47463,46.20276],[-1.48698,46.20032],[-1.49046,46.1993],[-1.49465,46.19619],[-1.49784,46.19531],[-1.50106,46.19403],[-1.50402,46.19366],[-1.50592,46.19409],[-1.50789,46.19529],[-1.51406,46.19809],[-1.51719,46.1992],[-1.52294,46.20077],[-1.52758,46.20128],[-1.53063,46.20216],[-1.53394,46.20232],[-1.53488,46.20288],[-1.53603,46.20599],[-1.53706,46.20704],[-1.53891,46.21026],[-1.54176,46.21377],[-1.54212,46.21699],[-1.54381,46.21978],[-1.54704,46.22322],[-1.54834,46.22512],[-1.55439,46.23072],[-1.55633,46.23065],[-1.56096,46.2363],[-1.56141,46.23718],[-1.56293,46.24384],[-1.56147,46.24543],[-1.55705,46.24522],[-1.55727,46.24463],[-1.55009,46.24311],[-1.54423,46.24305],[-1.54109,46.24361],[-1.53446,46.24604],[-1.52778,46.24897],[-1.52356,46.25131],[-1.52113,46.25307],[-1.5187,46.25545],[-1.51437,46.25771],[-1.51278,46.25813],[-1.50991,46.25804],[-1.50583,46.25729],[-1.50058,46.25818],[-1.49465,46.25618],[-1.49199,46.25433],[-1.49001,46.25376],[-1.48903,46.25281],[-1.48832,46.25018],[-1.48404,46.24842],[-1.48202,46.24719],[-1.48168,46.24508],[-1.48219,46.24236],[-1.4809,46.23962],[-1.47578,46.23592],[-1.47455,46.23326],[-1.47682,46.23151],[-1.48016,46.23005],[-1.48202,46.22863],[-1.48479,46.22832],[-1.4881,46.22852],[-1.49152,46.22913],[-1.49295,46.23007],[-1.49366,46.23194],[-1.49522,46.23288],[-1.49496,46.23464],[-1.49858,46.23496],[-1.50169,46.23406],[-1.50033,46.2316],[-1.50439,46.22903],[-1.50416,46.2278],[-1.50628,46.22654],[-1.50862,46.2267],[-1.50986,46.22779],[-1.51268,46.23197],[-1.51399,46.2321],[-1.51492,46.22972],[-1.51401,46.22773],[-1.5148,46.22699],[-1.51371,46.22535],[-1.51319,46.22258],[-1.50926,46.21873],[-1.50649,46.21837],[-1.50591,46.21585],[-1.50671,46.21457],[-1.50222,46.21547],[-1.49954,46.21665],[-1.49674,46.21562],[-1.49635,46.21464],[-1.4935,46.21288],[-1.49493,46.21214],[-1.49387,46.21077],[-1.49608,46.2081],[-1.49413,46.20706],[-1.49446,46.20536],[-1.49231,46.20518],[-1.49355,46.20716],[-1.49147,46.20777],[-1.48864,46.20762],[-1.4877,46.2069],[-1.4878,46.20372],[-1.48612,46.20222],[-1.4836,46.20224],[-1.48367,46.20415],[-1.48519,46.20443],[-1.4857,46.20642],[-1.48523,46.20798],[-1.48275,46.20982],[-1.4809,46.21003]]],[[[-1.17559,46.008],[-1.17703,46.00832],[-1.17842,46.00972],[-1.17711,46.01057],[-1.17892,46.01263],[-1.17728,46.01416],[-1.17746,46.01583],[-1.17596,46.01975],[-1.17624,46.02114],[-1.17456,46.0242],[-1.17119,46.02399],[-1.16826,46.02562],[-1.16331,46.02419],[-1.16216,46.02418],[-1.16025,46.02275],[-1.15771,46.02243],[-1.15428,46.01929],[-1.1546,46.01821],[-1.16334,46.01843],[-1.16569,46.01984],[-1.1675,46.01987],[-1.17143,46.01858],[-1.17189,46.0179],[-1.17156,46.01552],[-1.16988,46.01472],[-1.1698,46.01332],[-1.17448,46.00984],[-1.17391,46.00896],[-1.17559,46.008]]],[[[-1.25027,45.84597],[-1.25131,45.85019],[-1.25366,45.85688],[-1.25922,45.8683],[-1.26409,45.87544],[-1.26615,45.87817],[-1.27005,45.88181],[-1.27521,45.88412],[-1.27806,45.88642],[-1.28062,45.88792],[-1.28245,45.89016],[-1.28608,45.89355],[-1.28987,45.89626],[-1.29117,45.89816],[-1.29335,45.89993],[-1.29525,45.9005],[-1.29751,45.90048],[-1.30023,45.89975],[-1.3047,45.90087],[-1.31191,45.90559],[-1.31418,45.90678],[-1.31844,45.91065],[-1.32152,45.9115],[-1.32489,45.91359],[-1.32671,45.91277],[-1.3328,45.91509],[-1.33563,45.91689],[-1.33947,45.91847],[-1.34138,45.91887],[-1.34394,45.92153],[-1.34712,45.92372],[-1.35095,45.92504],[-1.3534,45.92671],[-1.35654,45.92941],[-1.35831,45.93186],[-1.36128,45.93357],[-1.36824,45.9392],[-1.37262,45.94193],[-1.37517,45.94423],[-1.37793,45.94788],[-1.38002,45.95015],[-1.38267,45.95129],[-1.3845,45.95149],[-1.38598,45.95239],[-1.38757,45.95477],[-1.38886,45.9577],[-1.38704,45.95938],[-1.3862,45.96135],[-1.38626,45.96314],[-1.38733,45.96554],[-1.39017,45.96919],[-1.39063,45.97223],[-1.39221,45.9747],[-1.39578,45.97683],[-1.39556,45.97828],[-1.39387,45.98185],[-1.39197,45.9834],[-1.38875,45.98927],[-1.38726,45.99387],[-1.38709,45.99716],[-1.38787,46.00002],[-1.38907,46.00268],[-1.39097,46.00482],[-1.39355,46.00947],[-1.39805,46.01468],[-1.40053,46.01613],[-1.40334,46.02405],[-1.40478,46.02716],[-1.40664,46.02984],[-1.40812,46.03349],[-1.40849,46.03591],[-1.40998,46.03982],[-1.4113,46.04131],[-1.4118,46.04552],[-1.4134,46.0465],[-1.4124,46.04789],[-1.40955,46.04772],[-1.40706,46.04811],[-1.40267,46.0466],[-1.3992,46.04491],[-1.39507,46.04405],[-1.39034,46.04204],[-1.38765,46.0416],[-1.38295,46.04171],[-1.38149,46.04112],[-1.37664,46.0402],[-1.37023,46.03924],[-1.37098,46.03796],[-1.37064,46.03585],[-1.37203,46.03328],[-1.37208,46.03215],[-1.36951,46.02954],[-1.36593,46.02727],[-1.36254,46.02598],[-1.35833,46.02495],[-1.35533,46.02248],[-1.35451,46.0208],[-1.35293,46.01954],[-1.34911,46.01755],[-1.34606,46.01648],[-1.34471,46.01558],[-1.34083,46.01449],[-1.33611,46.01352],[-1.3358,46.01173],[-1.33463,46.01068],[-1.33203,46.00965],[-1.33107,46.00873],[-1.32855,46.00782],[-1.32721,46.00502],[-1.32379,46.00342],[-1.32181,46.00074],[-1.32227,45.99902],[-1.32174,45.99769],[-1.31923,45.99591],[-1.31515,45.99389],[-1.30662,45.9911],[-1.30086,45.9899],[-1.29349,45.98878],[-1.28577,45.98826],[-1.28119,45.98841],[-1.27285,45.98935],[-1.26818,45.99004],[-1.25685,45.99059],[-1.24675,45.99023],[-1.24462,45.9893],[-1.24022,45.98634],[-1.23755,45.98391],[-1.23603,45.98152],[-1.23591,45.97954],[-1.23761,45.97498],[-1.23683,45.97299],[-1.23297,45.97131],[-1.23391,45.96876],[-1.23266,45.9674],[-1.23325,45.96553],[-1.23491,45.96539],[-1.23426,45.96721],[-1.23625,45.96809],[-1.23665,45.96511],[-1.23881,45.96387],[-1.24033,45.9622],[-1.24208,45.95746],[-1.24168,45.95531],[-1.24072,45.95336],[-1.23897,45.95125],[-1.23505,45.94773],[-1.22979,45.94426],[-1.22631,45.9413],[-1.22833,45.94051],[-1.2296,45.93818],[-1.22952,45.93616],[-1.2281,45.93318],[-1.23139,45.93213],[-1.23356,45.92968],[-1.23377,45.92706],[-1.23121,45.9234],[-1.22889,45.92244],[-1.22921,45.92036],[-1.22556,45.91593],[-1.22358,45.91311],[-1.22009,45.91006],[-1.2155,45.90668],[-1.21149,45.90471],[-1.2109,45.90356],[-1.20525,45.90107],[-1.20181,45.90073],[-1.20224,45.89739],[-1.20109,45.89562],[-1.19658,45.89162],[-1.19303,45.88966],[-1.19178,45.88935],[-1.18884,45.88669],[-1.18741,45.8866],[-1.18839,45.88468],[-1.18839,45.8826],[-1.19154,45.88246],[-1.19365,45.88032],[-1.19385,45.8773],[-1.19302,45.87548],[-1.19323,45.87363],[-1.19428,45.87202],[-1.19678,45.87077],[-1.19883,45.86868],[-1.19997,45.86617],[-1.19907,45.86521],[-1.19705,45.8649],[-1.19608,45.86395],[-1.19651,45.86258],[-1.20044,45.86255],[-1.20362,45.85889],[-1.20281,45.85531],[-1.20305,45.85409],[-1.20457,45.85359],[-1.20532,45.85226],[-1.20771,45.85034],[-1.20621,45.84616],[-1.2033,45.84589],[-1.2032,45.84238],[-1.20199,45.84066],[-1.20199,45.83832],[-1.19978,45.83507],[-1.19713,45.83191],[-1.19545,45.82939],[-1.19634,45.82848],[-1.20207,45.82683],[-1.20521,45.82457],[-1.20983,45.82029],[-1.21197,45.81869],[-1.21501,45.81575],[-1.21621,45.81376],[-1.21862,45.81238],[-1.22365,45.81134],[-1.22521,45.81],[-1.22703,45.8075],[-1.22902,45.80637],[-1.22902,45.80412],[-1.22642,45.80468],[-1.22626,45.80369],[-1.22958,45.80202],[-1.23185,45.80177],[-1.23642,45.80454],[-1.23939,45.80787],[-1.2429,45.8143],[-1.24566,45.82136],[-1.24898,45.83969],[-1.25027,45.84597]]],[[[-1.23902,44.59278],[-1.23583,44.59414],[-1.23347,44.59359],[-1.23185,44.59003],[-1.22951,44.58872],[-1.23049,44.58814],[-1.23403,44.5906],[-1.23466,44.59139],[-1.23788,44.59169],[-1.23925,44.59142],[-1.24118,44.58993],[-1.24357,44.58886],[-1.24408,44.58789],[-1.24362,44.58444],[-1.23947,44.58457],[-1.23516,44.58524],[-1.23442,44.58436],[-1.24057,44.58319],[-1.24679,44.58259],[-1.24954,44.58029],[-1.24734,44.5782],[-1.24855,44.57555],[-1.24647,44.57417],[-1.24422,44.5746],[-1.2438,44.57299],[-1.24631,44.57179],[-1.24852,44.57375],[-1.25075,44.57647],[-1.25158,44.57956],[-1.24973,44.58452],[-1.24787,44.58688],[-1.24292,44.59136],[-1.23902,44.59278]]],[[[-1.02997,44.6492],[-1.03261,44.6513],[-1.03092,44.65257],[-1.02872,44.6561],[-1.0292,44.66125],[-1.02626,44.66247],[-1.01974,44.65698],[-1.01735,44.65561],[-1.01378,44.6518],[-1.01417,44.65089],[-1.01862,44.65049],[-1.02061,44.64993],[-1.02101,44.65145],[-1.02456,44.65288],[-1.02648,44.6522],[-1.02997,44.6492]]],[[[-1.02374,44.64416],[-1.02602,44.64415],[-1.02756,44.64698],[-1.02745,44.6491],[-1.02681,44.6502],[-1.02531,44.65038],[-1.02108,44.64713],[-1.02059,44.64624],[-1.02374,44.64416]]],[[[-1.17789,44.69736],[-1.1826,44.69901],[-1.18516,44.69722],[-1.188,44.69962],[-1.18765,44.70219],[-1.18537,44.70315],[-1.18254,44.7023],[-1.17943,44.70398],[-1.17772,44.70191],[-1.17922,44.70069],[-1.17915,44.69934],[-1.17789,44.69736]]],[[[-1.18001,44.69279],[-1.18142,44.69305],[-1.18471,44.69512],[-1.18473,44.6966],[-1.18183,44.69683],[-1.18128,44.6949],[-1.18001,44.69279]]]]},"properties":{"code":"75","nom":"Nouvelle-Aquitaine"}},{"type":"Feature","geometry":{"type":"MultiPolygon","coordinates":[[[[1.78613,42.57362],[1.73539,42.58791],[1.73622,42.61503],[1.69031,42.62325],[1.63883,42.62842],[1.58568,42.63357],[1.5605,42.65333],[1.52143,42.64743],[1.4801,42.65139],[1.47382,42.62141],[1.44782,42.60379],[1.42019,42.62607],[1.41366,42.65552],[1.38703,42.67741],[1.35124,42.70266],[1.33835,42.71857],[1.28716,42.71703],[1.23876,42.72461],[1.19689,42.71767],[1.15605,42.71499],[1.13054,42.74182],[1.10698,42.77229],[1.07335,42.78236],[1.03106,42.78494],[0.98311,42.78707],[0.94731,42.79972],[0.91304,42.79659],[0.87729,42.81422],[0.82322,42.832],[0.76628,42.83922],[0.7241,42.85686],[0.67789,42.85511],[0.66469,42.81431],[0.64539,42.78354],[0.64895,42.75862],[0.66953,42.7325],[0.67758,42.70355],[0.6409,42.69286],[0.59313,42.7009],[0.54969,42.70031],[0.50342,42.69294],[0.45192,42.69456],[0.40299,42.69606],[0.3601,42.72429],[0.32436,42.69503],[0.28417,42.68012],[0.26057,42.71165],[0.20783,42.72739],[0.17196,42.73355],[0.13657,42.72233],[0.08212,42.71521],[0.04823,42.69587],[0.00911,42.68998],[-0.03923,42.69157],[-0.06537,42.71348],[-0.11153,42.72566],[-0.12982,42.75803],[-0.15151,42.77894],[-0.17566,42.78646],[-0.2139,42.79604],[-0.23886,42.81811],[-0.27158,42.82776],[-0.31173,42.84789],[-0.31587,42.88223],[-0.32598,42.91293],[-0.28656,42.92939],[-0.28869,42.96275],[-0.29324,42.99273],[-0.25912,43.0195],[-0.23942,43.03968],[-0.18965,43.05202],[-0.1891,43.08239],[-0.19257,43.11551],[-0.15511,43.12515],[-0.12625,43.15766],[-0.10666,43.16737],[-0.07083,43.18831],[-0.07228,43.22151],[-0.04114,43.23758],[-0.01864,43.26821],[-0.04546,43.29804],[-0.01398,43.33156],[0.01476,43.35576],[0.00102,43.3837],[0.00221,43.40868],[-0.00248,43.44508],[-0.03465,43.43038],[-0.05288,43.41202],[-0.06327,43.43053],[-0.06638,43.46068],[-0.02112,43.46488],[-0.04557,43.49056],[-0.04796,43.5259],[-0.08062,43.54688],[-0.09258,43.56251],[-0.11065,43.58346],[-0.15229,43.58562],[-0.1847,43.5916],[-0.22937,43.59007],[-0.25465,43.59708],[-0.26668,43.61631],[-0.2786,43.64198],[-0.24787,43.65547],[-0.25573,43.67947],[-0.24351,43.70142],[-0.22224,43.71887],[-0.19556,43.74576],[-0.2067,43.75921],[-0.22057,43.79271],[-0.20082,43.80671],[-0.18813,43.83256],[-0.20891,43.85767],[-0.18556,43.86301],[-0.20128,43.88421],[-0.2239,43.89215],[-0.2311,43.9076],[-0.20009,43.91483],[-0.17209,43.93167],[-0.13582,43.93607],[-0.10818,43.92914],[-0.09336,43.9485],[-0.05936,43.96094],[0.00145,43.95989],[-0.01813,43.92666],[0.0204,43.90882],[0.06506,43.90342],[0.07246,43.92674],[0.05644,43.95466],[0.06938,43.97612],[0.10217,43.98451],[0.12679,44.00191],[0.16098,43.9757],[0.18775,44.01285],[0.21654,44.02253],[0.23619,44.00863],[0.26808,44.00286],[0.31342,43.99575],[0.35092,44.01356],[0.39108,44.01982],[0.43079,44.02821],[0.45822,44.05229],[0.50409,44.05335],[0.54637,44.05632],[0.5826,44.07641],[0.62273,44.06388],[0.64927,44.04457],[0.67959,44.02935],[0.70339,44.05525],[0.7388,44.0693],[0.75371,44.09945],[0.78309,44.11231],[0.79757,44.13038],[0.83201,44.13719],[0.87041,44.12846],[0.89207,44.13733],[0.88996,44.16742],[0.85447,44.18631],[0.9014,44.1907],[0.92056,44.21618],[0.92483,44.24698],[0.93617,44.26566],[0.94218,44.2799],[0.90528,44.29922],[0.86917,44.30989],[0.88397,44.33231],[0.89357,44.35804],[0.91502,44.38409],[0.94238,44.3446],[0.96456,44.36134],[1.00456,44.36559],[1.05904,44.36683],[1.0556,44.3961],[1.05524,44.42742],[1.03238,44.44133],[1.02591,44.46701],[1.01613,44.49327],[1.00069,44.52573],[0.99504,44.54973],[1.03094,44.5488],[1.0697,44.56611],[1.10101,44.57203],[1.09906,44.59595],[1.15379,44.63941],[1.14763,44.66297],[1.19412,44.68225],[1.2332,44.69074],[1.26028,44.71021],[1.2886,44.71834],[1.31605,44.74037],[1.29977,44.78239],[1.33626,44.80629],[1.36015,44.82517],[1.3861,44.84743],[1.41161,44.86591],[1.44253,44.8797],[1.41899,44.90736],[1.42863,44.91905],[1.43359,44.9383],[1.41867,44.96068],[1.41582,44.98464],[1.43586,45.0122],[1.47637,45.01958],[1.50286,45.03844],[1.54152,45.04167],[1.58504,45.03828],[1.62467,45.03093],[1.65291,45.01814],[1.67617,45.00423],[1.70702,44.97291],[1.74073,44.96058],[1.76068,44.93612],[1.79246,44.93208],[1.82643,44.92927],[1.84741,44.94349],[1.88742,44.95657],[1.90866,44.97842],[1.93907,44.97322],[1.96095,44.96119],[2.00579,44.97806],[2.04932,44.97895],[2.07229,44.96203],[2.0778,44.93393],[2.10501,44.90817],[2.08352,44.8871],[2.10818,44.85823],[2.12902,44.83554],[2.16304,44.81391],[2.16831,44.783],[2.14778,44.76417],[2.15479,44.74375],[2.13773,44.71223],[2.14756,44.69501],[2.17625,44.67251],[2.17083,44.64815],[2.19459,44.6264],[2.21785,44.62468],[2.22863,44.65511],[2.28319,44.66601],[2.32275,44.66861],[2.34368,44.64454],[2.38926,44.64822],[2.42846,44.64298],[2.46911,44.64393],[2.4877,44.66258],[2.51105,44.69576],[2.54493,44.71527],[2.55514,44.72911],[2.5507,44.73664],[2.55284,44.75584],[2.56924,44.78168],[2.60042,44.80344],[2.60989,44.82597],[2.61018,44.84756],[2.63054,44.87284],[2.65932,44.88329],[2.69031,44.90215],[2.71246,44.91836],[2.72924,44.93693],[2.74841,44.93277],[2.77209,44.89849],[2.77062,44.8707],[2.79521,44.8688],[2.83674,44.87146],[2.8556,44.8559],[2.85998,44.83879],[2.88601,44.79506],[2.92638,44.7878],[2.91745,44.76669],[2.9333,44.74623],[2.93566,44.69357],[2.94821,44.67443],[2.973,44.64572],[3.00054,44.68413],[3.01326,44.70471],[3.03801,44.72157],[3.03104,44.74716],[3.04624,44.77705],[3.05669,44.80992],[3.08078,44.83483],[3.09584,44.84998],[3.10285,44.87424],[3.12391,44.89173],[3.15009,44.89412],[3.16992,44.87327],[3.19688,44.87286],[3.23496,44.88668],[3.2425,44.91431],[3.24498,44.93494],[3.26153,44.93207],[3.30403,44.93995],[3.35275,44.95457],[3.38907,44.95137],[3.41562,44.93114],[3.42706,44.89047],[3.46167,44.82883],[3.49762,44.81749],[3.5623,44.82592],[3.588,44.83401],[3.59658,44.86513],[3.62257,44.87603],[3.65772,44.87153],[3.67182,44.84339],[3.68044,44.8301],[3.71746,44.8315],[3.75155,44.8284],[3.75877,44.80558],[3.778,44.79873],[3.8049,44.77247],[3.84248,44.77162],[3.8473,44.74528],[3.87484,44.73155],[3.86798,44.70837],[3.88478,44.69415],[3.8778,44.66846],[3.89705,44.64548],[3.9071,44.61059],[3.91952,44.58553],[3.94515,44.57379],[3.96148,44.54732],[3.97953,44.51988],[3.98707,44.49526],[3.99552,44.46673],[4.02151,44.45014],[4.04646,44.43271],[4.05899,44.41209],[4.05035,44.39615],[4.05223,44.37231],[4.05353,44.33867],[4.046,44.32168],[4.07185,44.32872],[4.10757,44.33182],[4.1403,44.32788],[4.17872,44.31499],[4.2257,44.28222],[4.2638,44.26898],[4.28837,44.31502],[4.32577,44.33832],[4.38652,44.34661],[4.39365,44.2972],[4.43371,44.28662],[4.45201,44.3375],[4.50286,44.3389],[4.52288,44.33042],[4.55221,44.30995],[4.60929,44.28917],[4.64922,44.27036],[4.67425,44.21402],[4.71993,44.18904],[4.7117,44.13474],[4.73013,44.07903],[4.78174,44.06842],[4.81717,44.0259],[4.83766,43.98519],[4.79716,43.95672],[4.7401,43.91968],[4.69843,43.88867],[4.65447,43.8729],[4.65185,43.85237],[4.64357,43.83322],[4.65225,43.78805],[4.61228,43.72475],[4.60583,43.68608],[4.53985,43.70727],[4.47567,43.68446],[4.4343,43.63355],[4.46961,43.61413],[4.42847,43.58567],[4.40935,43.56113],[4.35942,43.547],[4.31697,43.54864],[4.32271,43.53044],[4.25864,43.50754],[4.19148,43.46645],[4.1171,43.50559],[4.13354,43.53617],[4.07746,43.55636],[3.97655,43.54207],[3.91362,43.51888],[3.82208,43.46192],[3.74975,43.42363],[3.69165,43.39157],[3.62863,43.37404],[3.55793,43.3173],[3.50951,43.27172],[3.442,43.28456],[3.35081,43.27317],[3.29186,43.24303],[3.21054,43.19181],[3.15651,43.14544],[3.11302,43.0953],[3.06571,43.02235],[3.04601,42.96882],[3.05504,42.92421],[3.054,42.87377],[3.0402,42.80657],[3.03833,42.75996],[3.03983,42.71103],[3.03797,42.69894],[3.03718,42.62878],[3.04631,42.57572],[3.07472,42.53367],[3.10741,42.52495],[3.13401,42.51689],[3.12833,42.5015],[3.12979,42.48312],[3.15967,42.46671],[3.15989,42.4519],[3.17478,42.4387],[3.13634,42.43511],[3.10166,42.42608],[3.06693,42.44238],[3.04046,42.47439],[2.99619,42.47334],[2.94877,42.47946],[2.91482,42.4565],[2.86334,42.46333],[2.82949,42.44161],[2.8026,42.42742],[2.76491,42.41636],[2.71569,42.4201],[2.67374,42.40043],[2.65627,42.38239],[2.67597,42.35439],[2.65425,42.34289],[2.61527,42.34634],[2.57236,42.35745],[2.5487,42.33955],[2.49527,42.3426],[2.46814,42.35663],[2.43329,42.3811],[2.39549,42.39512],[2.34918,42.40675],[2.31747,42.42632],[2.25672,42.43844],[2.20907,42.41959],[2.16757,42.42458],[2.12294,42.40514],[2.10707,42.37897],[2.06844,42.3611],[2.00622,42.35333],[1.9698,42.37698],[1.95728,42.42058],[1.93238,42.45446],[1.8841,42.45086],[1.84731,42.46965],[1.79167,42.48578],[1.72817,42.50015],[1.73352,42.52786],[1.73919,42.55561],[1.78613,42.57362]],[[1.96006,42.47045],[1.95809,42.46481],[1.95715,42.46054],[1.95618,42.4577],[1.95919,42.45379],[1.96101,42.4529],[1.96935,42.45148],[1.98433,42.44655],[1.9895,42.44688],[2.00267,42.44674],[2.00898,42.44811],[2.01269,42.44834],[2.01438,42.45168],[2.01187,42.45288],[2.01059,42.45581],[2.00614,42.4566],[2.00236,42.45835],[2.00065,42.4596],[1.99463,42.4617],[1.99336,42.46161],[1.99164,42.46268],[1.99218,42.4643],[1.99144,42.46632],[1.98882,42.4692],[1.98766,42.46941],[1.98662,42.47135],[1.98653,42.47576],[1.98937,42.47734],[1.99009,42.47918],[1.99143,42.48054],[1.99136,42.48189],[1.99256,42.48406],[1.99832,42.48516],[1.99411,42.48937],[1.98953,42.49354],[1.98637,42.49376],[1.98277,42.49465],[1.97876,42.49477],[1.97846,42.49203],[1.97726,42.49081],[1.97812,42.48887],[1.97831,42.48604],[1.97522,42.48567],[1.97255,42.48489],[1.97082,42.48047],[1.96811,42.47995],[1.96299,42.47847],[1.96162,42.47316],[1.96006,42.47045]]],[[[3.50066,43.2629],[3.50223,43.26419],[3.50355,43.2631],[3.50066,43.2629]]],[[[-0.10308,43.24282],[-0.10492,43.24291],[-0.11193,43.2424],[-0.12134,43.2409],[-0.12194,43.24335],[-0.1241,43.24632],[-0.12616,43.25159],[-0.12615,43.25281],[-0.12811,43.25425],[-0.12948,43.25603],[-0.13347,43.25846],[-0.13585,43.2611],[-0.13642,43.26298],[-0.13826,43.26574],[-0.14002,43.26958],[-0.14062,43.27194],[-0.1383,43.2742],[-0.13849,43.28036],[-0.13709,43.28198],[-0.13568,43.2824],[-0.13475,43.28392],[-0.13701,43.28481],[-0.13735,43.28574],[-0.13059,43.28873],[-0.12808,43.29229],[-0.12514,43.29443],[-0.12636,43.29873],[-0.12525,43.30002],[-0.12222,43.30143],[-0.12126,43.30254],[-0.11998,43.30625],[-0.11787,43.30779],[-0.11327,43.30879],[-0.11149,43.3104],[-0.10656,43.30759],[-0.10432,43.30686],[-0.09912,43.30324],[-0.09574,43.30209],[-0.09203,43.30047],[-0.08934,43.30084],[-0.09335,43.2931],[-0.09572,43.28629],[-0.09618,43.28548],[-0.09179,43.28093],[-0.08628,43.27983],[-0.08467,43.27681],[-0.08189,43.27504],[-0.07929,43.27166],[-0.07967,43.26264],[-0.08397,43.25782],[-0.08844,43.25422],[-0.09211,43.25206],[-0.09311,43.25231],[-0.09432,43.25472],[-0.10115,43.25137],[-0.10383,43.2496],[-0.10413,43.24465],[-0.10308,43.24282]]],[[[-0.10333,43.35858],[-0.10421,43.35892],[-0.10434,43.36134],[-0.10611,43.36172],[-0.10698,43.36625],[-0.10671,43.36742],[-0.10728,43.37073],[-0.10104,43.37358],[-0.09735,43.37406],[-0.0931,43.37388],[-0.08946,43.37279],[-0.08702,43.37172],[-0.08317,43.37135],[-0.08056,43.36907],[-0.08291,43.36636],[-0.07642,43.36457],[-0.07616,43.36303],[-0.072,43.36132],[-0.06943,43.3566],[-0.06926,43.35521],[-0.06493,43.355],[-0.06424,43.35154],[-0.06295,43.35034],[-0.06317,43.34795],[-0.0625,43.34671],[-0.06416,43.34199],[-0.06526,43.34161],[-0.06506,43.3399],[-0.06385,43.33898],[-0.06534,43.33594],[-0.06444,43.33358],[-0.06569,43.33229],[-0.06733,43.32887],[-0.0687,43.32813],[-0.06799,43.32477],[-0.06887,43.32394],[-0.06881,43.3223],[-0.06952,43.32102],[-0.06944,43.31842],[-0.07031,43.3166],[-0.06987,43.31378],[-0.0686,43.3125],[-0.0703,43.31025],[-0.07163,43.30969],[-0.07504,43.30714],[-0.07583,43.30694],[-0.07999,43.30753],[-0.08789,43.3092],[-0.09281,43.31045],[-0.09757,43.31386],[-0.10453,43.31218],[-0.1102,43.31218],[-0.11196,43.31653],[-0.1115,43.31814],[-0.11339,43.3195],[-0.11468,43.32199],[-0.11564,43.32288],[-0.11459,43.32479],[-0.11591,43.3266],[-0.11618,43.32868],[-0.11541,43.3295],[-0.11552,43.33238],[-0.11242,43.3346],[-0.11088,43.33477],[-0.11064,43.33659],[-0.10928,43.33792],[-0.10467,43.33703],[-0.10053,43.33657],[-0.09724,43.33453],[-0.09368,43.33362],[-0.09353,43.33312],[-0.08945,43.33398],[-0.08727,43.33384],[-0.08657,43.33616],[-0.08779,43.34059],[-0.08762,43.34383],[-0.08705,43.34519],[-0.08865,43.34661],[-0.08773,43.35089],[-0.09161,43.35109],[-0.09002,43.35454],[-0.09023,43.35935],[-0.09368,43.35779],[-0.09689,43.3579],[-0.10086,43.35854],[-0.10333,43.35858]]]]},"properties":{"code":"76","nom":"Occitanie"}},{"type":"Feature","geometry":{"type":"Polygon","coordinates":[[[4.78021,46.17668],[4.81082,46.25455],[4.85321,46.33169],[4.88799,46.41326],[4.91418,46.4839],[4.94327,46.51891],[4.95977,46.50767],[5.0057,46.5097],[5.04285,46.4901],[5.08877,46.49588],[5.13546,46.50253],[5.16597,46.51775],[5.2024,46.49992],[5.21585,46.47446],[5.25396,46.45616],[5.3067,46.4452],[5.31578,46.42549],[5.32076,46.40477],[5.3599,46.39117],[5.36986,46.36908],[5.40169,46.33279],[5.41683,46.34526],[5.45944,46.32316],[5.45891,46.29071],[5.50255,46.27109],[5.56155,46.28626],[5.60567,46.31363],[5.64916,46.33745],[5.68817,46.31015],[5.72839,46.26118],[5.84064,46.26222],[5.89463,46.28661],[5.94094,46.31005],[5.97208,46.34557],[6.01277,46.37592],[6.04919,46.40608],[6.14404,46.38186],[6.15722,46.34994],[6.12438,46.31726],[6.10962,46.2901],[6.12115,46.25508],[6.07309,46.24141],[6.01668,46.23182],[5.99376,46.21859],[5.99133,46.17888],[5.96633,46.13937],[5.98224,46.14174],[6.03207,46.13918],[6.09721,46.14594],[6.14492,46.14483],[6.19145,46.18128],[6.23172,46.20498],[6.29878,46.22991],[6.2897,46.25993],[6.24532,46.26902],[6.24738,46.30043],[6.27674,46.34971],[6.32669,46.37157],[6.36837,46.34554],[6.43675,46.36148],[6.4877,46.39581],[6.56579,46.39856],[6.64432,46.40583],[6.72387,46.40796],[6.79348,46.39254],[6.78377,46.36693],[6.78473,46.33504],[6.82813,46.30205],[6.86069,46.27606],[6.82098,46.23187],[6.8127,46.18164],[6.79508,46.14385],[6.835,46.13186],[6.89162,46.12535],[6.88317,46.09389],[6.87614,46.04902],[6.91853,46.05996],[6.95672,46.03917],[6.99379,46.00114],[7.01632,45.97501],[7.03676,45.94357],[7.02098,45.91619],[7.00332,45.8824],[6.95487,45.86098],[6.9153,45.84201],[6.87268,45.83638],[6.85662,45.83483],[6.81482,45.8274],[6.80406,45.79029],[6.80719,45.75046],[6.81935,45.71868],[6.86697,45.68396],[6.90214,45.66374],[6.94662,45.64998],[7.00161,45.63621],[6.97991,45.59692],[6.98975,45.55676],[7.00269,45.50346],[7.0556,45.48749],[7.08952,45.47078],[7.11457,45.43595],[7.16718,45.41179],[7.16508,45.38263],[7.14468,45.35201],[7.10962,45.3189],[7.13221,45.27381],[7.11735,45.24525],[7.08346,45.21921],[7.04276,45.22531],[7.00148,45.21865],[6.96267,45.19401],[6.93187,45.17122],[6.88523,45.15467],[6.86931,45.13281],[6.82314,45.14307],[6.76692,45.15816],[6.71728,45.14242],[6.66442,45.12233],[6.6181,45.11981],[6.56391,45.11382],[6.51304,45.10732],[6.48447,45.07587],[6.4578,45.05399],[6.40818,45.06402],[6.37264,45.08035],[6.33954,45.11775],[6.28488,45.11111],[6.23372,45.11176],[6.24073,45.07387],[6.20973,45.03599],[6.26607,44.99829],[6.32125,44.99727],[6.32522,44.96344],[6.35834,44.93851],[6.35641,44.90028],[6.35279,44.85969],[6.31235,44.86298],[6.25766,44.86156],[6.21569,44.85409],[6.16044,44.85562],[6.11702,44.85119],[6.06823,44.82373],[6.02182,44.83755],[5.96464,44.81176],[5.98015,44.78118],[5.92221,44.75408],[5.88181,44.74663],[5.82709,44.75969],[5.81116,44.71789],[5.82716,44.68641],[5.79234,44.65567],[5.75009,44.6563],[5.7146,44.64365],[5.65446,44.65539],[5.64971,44.61828],[5.62632,44.58662],[5.59823,44.54603],[5.66293,44.50527],[5.62502,44.48457],[5.55878,44.47307],[5.48723,44.49117],[5.46116,44.48351],[5.47326,44.44509],[5.46675,44.42409],[5.42853,44.4155],[5.43191,44.37099],[5.47989,44.35119],[5.53109,44.34275],[5.57386,44.33394],[5.63104,44.33109],[5.62074,44.30617],[5.63864,44.2775],[5.67561,44.25829],[5.67751,44.21728],[5.66066,44.1898],[5.67535,44.16478],[5.63222,44.15217],[5.61146,44.18613],[5.56735,44.16928],[5.52766,44.12824],[5.45058,44.12154],[5.42391,44.14929],[5.38331,44.16375],[5.34436,44.20886],[5.29683,44.20984],[5.23593,44.2128],[5.19152,44.21878],[5.1549,44.23094],[5.14682,44.2718],[5.17314,44.30951],[5.13177,44.29279],[5.07529,44.28605],[5.00302,44.28608],[4.92227,44.25984],[4.86595,44.24957],[4.81548,44.23188],[4.80472,44.28782],[4.76817,44.3212],[4.68692,44.32033],[4.65109,44.28288],[4.60929,44.28917],[4.54447,44.32077],[4.51317,44.33407],[4.47494,44.34202],[4.44201,44.28556],[4.3934,44.29364],[4.38374,44.34419],[4.32564,44.33072],[4.28383,44.28557],[4.23979,44.27208],[4.17999,44.30943],[4.1403,44.32788],[4.0986,44.33362],[4.06014,44.32017],[4.03573,44.3302],[4.05757,44.36346],[4.04783,44.3975],[4.05721,44.41378],[4.03964,44.44263],[4.00907,44.45666],[3.98502,44.48484],[3.98267,44.5129],[3.96265,44.54591],[3.93839,44.57344],[3.90517,44.59271],[3.89322,44.62941],[3.8826,44.65935],[3.88255,44.69072],[3.86611,44.70912],[3.87752,44.73745],[3.83428,44.75273],[3.81585,44.76827],[3.78716,44.79366],[3.76063,44.80452],[3.74663,44.82945],[3.70013,44.83666],[3.66199,44.83149],[3.6626,44.86328],[3.63021,44.88093],[3.59658,44.86513],[3.58892,44.8264],[3.53487,44.82755],[3.47459,44.81651],[3.4418,44.85423],[3.41426,44.92553],[3.38562,44.9532],[3.33474,44.95405],[3.28825,44.92812],[3.25127,44.94016],[3.24969,44.91624],[3.23496,44.88668],[3.19259,44.86965],[3.16518,44.87821],[3.12838,44.90358],[3.10313,44.88463],[3.09504,44.85261],[3.07266,44.83744],[3.04575,44.79905],[3.04379,44.76131],[3.02818,44.72833],[3.01653,44.71437],[3.00199,44.68452],[2.97025,44.64826],[2.93935,44.67758],[2.92559,44.7271],[2.91461,44.75897],[2.93282,44.78165],[2.88601,44.79506],[2.864,44.8425],[2.85968,44.87446],[2.8115,44.87089],[2.76778,44.86431],[2.77352,44.89673],[2.74362,44.92928],[2.72404,44.92665],[2.7032,44.9057],[2.67098,44.89585],[2.64166,44.87061],[2.61018,44.84756],[2.60633,44.82327],[2.6,44.79305],[2.56305,44.76582],[2.55393,44.74266],[2.55368,44.72525],[2.54077,44.71352],[2.50012,44.69019],[2.48319,44.65034],[2.44498,44.64418],[2.39071,44.64359],[2.34646,44.64382],[2.3196,44.66708],[2.27093,44.6604],[2.21323,44.63741],[2.20299,44.6198],[2.16864,44.64473],[2.17915,44.67445],[2.13639,44.69526],[2.14746,44.72357],[2.15083,44.75689],[2.16562,44.77549],[2.16526,44.81356],[2.12767,44.84063],[2.09909,44.86873],[2.08704,44.90403],[2.09279,44.92564],[2.07801,44.95625],[2.08526,44.9838],[2.13329,44.98574],[2.12501,45.01573],[2.10085,45.04655],[2.11676,45.06971],[2.14832,45.08492],[2.18023,45.09487],[2.18405,45.11949],[2.20489,45.14205],[2.232,45.16398],[2.20213,45.18394],[2.19611,45.21508],[2.22494,45.24185],[2.2524,45.26783],[2.30016,45.2988],[2.35498,45.33156],[2.36775,45.36582],[2.3497,45.41175],[2.39879,45.39999],[2.45917,45.38569],[2.48219,45.37616],[2.52214,45.39702],[2.49138,45.42554],[2.50325,45.46142],[2.50778,45.50311],[2.51559,45.54277],[2.49304,45.55949],[2.47229,45.58439],[2.48036,45.61151],[2.49512,45.64041],[2.52526,45.65755],[2.52386,45.68085],[2.51913,45.70655],[2.50051,45.72875],[2.4709,45.74944],[2.43412,45.76986],[2.41257,45.80806],[2.40367,45.83843],[2.43418,45.84525],[2.44336,45.86661],[2.49979,45.87243],[2.53467,45.90121],[2.5415,45.92153],[2.56908,45.94887],[2.61157,45.97208],[2.5972,46.00505],[2.58975,46.03902],[2.56337,46.06374],[2.55262,46.0934],[2.55793,46.12564],[2.56634,46.14376],[2.55328,46.17653],[2.52501,46.20618],[2.51462,46.23994],[2.47871,46.26361],[2.44964,46.29261],[2.41421,46.29691],[2.38861,46.32976],[2.35841,46.32339],[2.31594,46.33441],[2.30541,46.35573],[2.33139,46.37872],[2.28466,46.3905],[2.28356,46.4362],[2.32553,46.47296],[2.33653,46.50094],[2.43409,46.52627],[2.49695,46.53367],[2.52861,46.52948],[2.5646,46.53193],[2.60957,46.55689],[2.60325,46.58506],[2.5738,46.60735],[2.5931,46.64658],[2.58731,46.66517],[2.63129,46.66602],[2.64998,46.69025],[2.68556,46.72262],[2.7062,46.73768],[2.74164,46.73441],[2.78554,46.7271],[2.84615,46.73003],[2.89581,46.77528],[2.94154,46.79515],[2.99672,46.79687],[3.04519,46.76248],[3.12542,46.72871],[3.18596,46.68492],[3.22747,46.69203],[3.2863,46.71386],[3.33848,46.68507],[3.40758,46.7118],[3.43298,46.69334],[3.4455,46.66934],[3.50246,46.67114],[3.53965,46.68008],[3.54811,46.72232],[3.59525,46.7299],[3.59725,46.75629],[3.63759,46.72453],[3.67273,46.68031],[3.71053,46.63392],[3.73599,46.60337],[3.73739,46.54348],[3.79638,46.52591],[3.83976,46.51756],[3.87285,46.48707],[3.94687,46.49185],[3.98417,46.47165],[3.98814,46.43546],[3.97995,46.39265],[3.98521,46.33436],[3.98066,46.31935],[3.94279,46.29892],[3.90473,46.27354],[3.90487,46.23786],[3.90829,46.20821],[3.97255,46.20271],[4.0184,46.17239],[4.06284,46.18912],[4.11165,46.19197],[4.18689,46.17687],[4.21956,46.1851],[4.25561,46.18584],[4.27732,46.15708],[4.30941,46.17228],[4.35438,46.18358],[4.36291,46.1986],[4.38592,46.22604],[4.39404,46.26521],[4.42187,46.29495],[4.47245,46.28528],[4.5154,46.26993],[4.55705,46.29361],[4.59111,46.268],[4.62753,46.28842],[4.66226,46.29595],[4.69472,46.29205],[4.69076,46.27029],[4.70338,46.25014],[4.7339,46.22988],[4.7346,46.20916],[4.72726,46.17912],[4.78021,46.17668]],[[4.89291,44.36482],[4.89228,44.36163],[4.89068,44.35978],[4.88793,44.35844],[4.88494,44.35753],[4.88348,44.35571],[4.88063,44.35528],[4.88089,44.35361],[4.87776,44.35269],[4.87264,44.35015],[4.8701,44.34807],[4.86953,44.34508],[4.87802,44.34543],[4.87965,44.34534],[4.88575,44.34287],[4.89533,44.33806],[4.89423,44.33287],[4.88947,44.33308],[4.88761,44.33147],[4.88644,44.32969],[4.8847,44.32904],[4.88228,44.32643],[4.88163,44.32487],[4.88408,44.32021],[4.88768,44.3163],[4.89138,44.3134],[4.89156,44.31037],[4.89091,44.30562],[4.89166,44.30425],[4.89763,44.30564],[4.90126,44.30543],[4.90812,44.30617],[4.91238,44.30766],[4.91725,44.30854],[4.92215,44.30878],[4.93305,44.30701],[4.93721,44.30614],[4.94205,44.30622],[4.94403,44.30586],[4.947,44.30318],[4.94905,44.3031],[4.9509,44.30093],[4.95505,44.30147],[4.95698,44.30241],[4.95921,44.30039],[4.95946,44.29875],[4.96211,44.29919],[4.96856,44.29909],[4.97194,44.29883],[4.9762,44.29751],[4.97965,44.29748],[4.98702,44.29271],[4.98788,44.29377],[4.98866,44.29709],[4.98787,44.29909],[4.98771,44.30112],[4.9889,44.30393],[4.98965,44.30674],[4.98975,44.30877],[4.99067,44.31005],[4.99088,44.31176],[4.99313,44.31427],[4.99574,44.31656],[4.9983,44.31754],[4.99657,44.31974],[5.00065,44.31983],[5.00842,44.32396],[5.01154,44.32479],[5.01378,44.32579],[5.01035,44.32787],[5.00998,44.33198],[5.00901,44.33377],[5.01169,44.33649],[5.01411,44.33711],[5.01454,44.33841],[5.01786,44.34112],[5.01996,44.34162],[5.0202,44.34259],[5.02329,44.34595],[5.02312,44.34775],[5.02202,44.34963],[5.02179,44.35309],[5.02217,44.35845],[5.02389,44.36056],[5.02598,44.36228],[5.0277,44.36282],[5.03252,44.36121],[5.03477,44.36378],[5.03666,44.36421],[5.04075,44.36414],[5.04274,44.36219],[5.04783,44.36379],[5.05504,44.36502],[5.05697,44.36726],[5.0576,44.37016],[5.05903,44.37131],[5.06246,44.37217],[5.06363,44.373],[5.06758,44.37443],[5.06839,44.37546],[5.07156,44.37749],[5.07206,44.38041],[5.071,44.38313],[5.06875,44.38333],[5.06794,44.38213],[5.06585,44.38173],[5.06445,44.38253],[5.06474,44.38356],[5.0625,44.3841],[5.05981,44.38408],[5.05795,44.38322],[5.05542,44.38278],[5.05405,44.38178],[5.05197,44.38134],[5.04757,44.38135],[5.04509,44.38222],[5.04408,44.38342],[5.04404,44.38503],[5.04294,44.38727],[5.03818,44.38761],[5.03689,44.38944],[5.0345,44.39084],[5.03232,44.39126],[5.03105,44.39084],[5.0289,44.39192],[5.02635,44.39243],[5.02271,44.39126],[5.02077,44.39122],[5.0181,44.3933],[5.01558,44.39304],[5.01451,44.40009],[5.01331,44.40535],[5.01766,44.40727],[5.01727,44.40841],[5.02019,44.41027],[5.01876,44.41598],[5.01707,44.41615],[5.01215,44.41582],[5.01074,44.41116],[5.00997,44.41083],[5.00637,44.41172],[5.00106,44.4126],[4.99586,44.41683],[4.99075,44.42054],[4.98861,44.4232],[4.98457,44.42308],[4.97869,44.42348],[4.97764,44.42485],[4.97743,44.42751],[4.97667,44.42875],[4.97308,44.43153],[4.97044,44.43137],[4.96999,44.42967],[4.96836,44.427],[4.96437,44.42498],[4.96439,44.42349],[4.9633,44.42193],[4.96047,44.42005],[4.95928,44.41978],[4.95563,44.42052],[4.95196,44.42005],[4.95192,44.41874],[4.94778,44.41657],[4.94621,44.41486],[4.9433,44.41429],[4.93922,44.41457],[4.93503,44.41214],[4.93276,44.41188],[4.93051,44.41219],[4.92842,44.41166],[4.92607,44.40991],[4.9254,44.40879],[4.92342,44.40808],[4.92191,44.40951],[4.91852,44.40779],[4.91437,44.40194],[4.90968,44.39672],[4.91186,44.38789],[4.91087,44.38378],[4.90896,44.37734],[4.90663,44.3741],[4.90489,44.37307],[4.9024,44.37243],[4.90248,44.37126],[4.8999,44.36952],[4.89455,44.3691],[4.89318,44.36788],[4.89291,44.36482]]]},"properties":{"code":"84","nom":"Auvergne-Rhône-Alpes"}},{"type":"Feature","geometry":{"type":"MultiPolygon","coordinates":[[[[6.94834,44.65482],[6.96831,44.62472],[6.95039,44.61336],[6.93364,44.58654],[6.92014,44.56937],[6.90192,44.55391],[6.87681,44.54629],[6.85554,44.53186],[6.86123,44.50342],[6.87591,44.48248],[6.90767,44.46084],[6.93253,44.44151],[6.93708,44.4297],[6.9153,44.42638],[6.89475,44.40214],[6.89623,44.37252],[6.90938,44.35639],[6.92654,44.33556],[6.95227,44.31934],[6.95656,44.29929],[6.97553,44.28527],[6.99722,44.27384],[7.0011,44.24682],[7.01926,44.2322],[7.04853,44.22726],[7.08355,44.22955],[7.10758,44.21804],[7.13843,44.20264],[7.16747,44.20236],[7.19361,44.1871],[7.22089,44.16831],[7.24524,44.16371],[7.27819,44.14345],[7.30805,44.14422],[7.34565,44.14317],[7.35706,44.1166],[7.39289,44.12503],[7.42694,44.1149],[7.44618,44.12897],[7.48429,44.13452],[7.51504,44.13827],[7.5351,44.14706],[7.56415,44.15474],[7.5947,44.15253],[7.62789,44.16069],[7.64956,44.17737],[7.68261,44.17425],[7.67946,44.14715],[7.67932,44.11501],[7.70876,44.09085],[7.71408,44.06543],[7.70277,44.0435],[7.67222,44.02975],[7.665,44.00934],[7.6594,43.9865],[7.64019,43.97157],[7.60877,43.95603],[7.57676,43.94907],[7.57145,43.93475],[7.56187,43.91098],[7.54567,43.89413],[7.51574,43.8827],[7.49754,43.86986],[7.50303,43.84408],[7.51706,43.80976],[7.5292,43.784],[7.50861,43.77921],[7.48497,43.76202],[7.46798,43.75697],[7.43507,43.7498],[7.41096,43.7236],[7.38902,43.723],[7.35587,43.72073],[7.33495,43.70446],[7.3393,43.68743],[7.33836,43.68372],[7.32378,43.68026],[7.32568,43.69496],[7.30868,43.69896],[7.29411,43.68878],[7.27685,43.69436],[7.23116,43.67519],[7.21342,43.65283],[7.19866,43.65598],[7.14566,43.64332],[7.13513,43.62871],[7.12279,43.58469],[7.1345,43.56987],[7.14037,43.55501],[7.12917,43.54592],[7.12165,43.55192],[7.09985,43.57083],[7.05765,43.54997],[7.03597,43.53582],[7.01276,43.55048],[6.95901,43.5398],[6.93771,43.51263],[6.95495,43.49854],[6.94282,43.48484],[6.93241,43.4767],[6.92231,43.45957],[6.9147,43.44735],[6.89317,43.43529],[6.87123,43.42716],[6.85828,43.42623],[6.85242,43.41073],[6.82088,43.41555],[6.78898,43.40807],[6.76627,43.42375],[6.73002,43.39146],[6.72051,43.37807],[6.71719,43.3623],[6.6957,43.3411],[6.66858,43.33223],[6.66272,43.31352],[6.63501,43.3075],[6.61279,43.29172],[6.5847,43.27318],[6.59347,43.26226],[6.62718,43.26688],[6.64749,43.27237],[6.66951,43.27504],[6.69532,43.26684],[6.68176,43.24848],[6.66233,43.22313],[6.67694,43.19773],[6.65147,43.19028],[6.63974,43.1737],[6.62991,43.16952],[6.61033,43.16784],[6.58482,43.18589],[6.5414,43.18233],[6.5346,43.16334],[6.50119,43.15557],[6.47764,43.15608],[6.44713,43.15162],[6.42579,43.151],[6.39792,43.14418],[6.37912,43.13791],[6.36082,43.12099],[6.36723,43.10274],[6.36207,43.08715],[6.33926,43.08995],[6.32493,43.09438],[6.29944,43.10605],[6.28581,43.11564],[6.25967,43.12047],[6.21845,43.1146],[6.17243,43.10087],[6.15475,43.07984],[6.15616,43.03497],[6.15481,43.02736],[6.13616,43.03551],[6.11672,43.03476],[6.10083,43.02913],[6.09378,43.04036],[6.12819,43.04267],[6.11762,43.08182],[6.07647,43.08694],[6.03749,43.07886],[6.02481,43.09162],[5.99084,43.10413],[5.96764,43.10488],[5.94094,43.10776],[5.93326,43.11689],[5.92708,43.1215],[5.90748,43.11888],[5.88467,43.11374],[5.88054,43.105],[5.90802,43.09575],[5.90684,43.07881],[5.92621,43.08021],[5.94704,43.06775],[5.92146,43.06861],[5.89973,43.07611],[5.87228,43.06571],[5.85373,43.04809],[5.82443,43.0532],[5.7957,43.06963],[5.80468,43.08273],[5.80526,43.0997],[5.79968,43.11568],[5.76734,43.11554],[5.78101,43.13093],[5.7523,43.13014],[5.73401,43.13628],[5.71498,43.14682],[5.69344,43.14755],[5.69002,43.16346],[5.67934,43.17846],[5.6535,43.18643],[5.62166,43.18615],[5.61007,43.16753],[5.59445,43.16442],[5.56736,43.17805],[5.54872,43.20555],[5.53122,43.21258],[5.5134,43.20128],[5.49152,43.20245],[5.46273,43.20973],[5.45264,43.20389],[5.43199,43.20824],[5.416,43.20723],[5.37996,43.21046],[5.34713,43.2127],[5.35271,43.23309],[5.37053,43.24446],[5.37473,43.25952],[5.36013,43.27442],[5.35442,43.28926],[5.36634,43.29547],[5.36034,43.31239],[5.36214,43.32093],[5.35167,43.32414],[5.3416,43.3364],[5.34102,43.34479],[5.31571,43.35297],[5.29596,43.35822],[5.26568,43.34334],[5.24331,43.33139],[5.21869,43.33109],[5.1916,43.32952],[5.16504,43.32757],[5.13784,43.32753],[5.10905,43.33059],[5.08159,43.32788],[5.06096,43.32874],[5.04604,43.3286],[5.02369,43.33905],[5.02377,43.35224],[5.01435,43.3693],[4.98999,43.38645],[4.99744,43.40123],[4.97806,43.40015],[4.97368,43.42002],[4.94035,43.4293],[4.89992,43.41714],[4.88884,43.42023],[4.88222,43.41928],[4.86044,43.45084],[4.8658,43.40464],[4.82497,43.42393],[4.83987,43.40159],[4.85449,43.39048],[4.8484,43.37857],[4.84903,43.37262],[4.86603,43.36746],[4.88457,43.35853],[4.91225,43.37955],[4.89638,43.36262],[4.84121,43.33087],[4.77376,43.3485],[4.68687,43.34746],[4.63789,43.35022],[4.5628,43.37214],[4.58034,43.39727],[4.5682,43.44011],[4.46527,43.45716],[4.42372,43.44885],[4.35971,43.45326],[4.28621,43.45676],[4.23208,43.48179],[4.288,43.51339],[4.31828,43.53262],[4.32287,43.55431],[4.34432,43.5401],[4.38592,43.55701],[4.41675,43.56918],[4.42,43.58258],[4.47242,43.60254],[4.43975,43.61067],[4.44472,43.65475],[4.47567,43.68446],[4.53166,43.70599],[4.58188,43.69637],[4.6251,43.68544],[4.61364,43.72982],[4.64854,43.77916],[4.65163,43.81811],[4.65746,43.84114],[4.64522,43.84985],[4.65048,43.86986],[4.68294,43.88174],[4.69915,43.8966],[4.74449,43.92933],[4.79278,43.95378],[4.81598,43.9888],[4.84423,44.00541],[4.80988,44.03788],[4.76943,44.07152],[4.74884,44.08723],[4.70607,44.10775],[4.71707,44.16109],[4.71321,44.19143],[4.68016,44.21213],[4.6619,44.2471],[4.65367,44.29728],[4.67528,44.32399],[4.7247,44.32633],[4.77558,44.31796],[4.80288,44.2966],[4.80617,44.26735],[4.82126,44.22899],[4.85709,44.24598],[4.88501,44.26171],[4.92308,44.26113],[4.98145,44.28483],[5.02523,44.29695],[5.07529,44.28605],[5.11589,44.28431],[5.15178,44.30221],[5.17314,44.30951],[5.16116,44.28739],[5.16073,44.26655],[5.1554,44.2334],[5.17497,44.22081],[5.20206,44.21662],[5.23082,44.21193],[5.26203,44.22784],[5.30379,44.20646],[5.33668,44.20435],[5.38453,44.20118],[5.38324,44.15528],[5.41036,44.15353],[5.4374,44.14685],[5.45472,44.11923],[5.51125,44.12186],[5.55006,44.14577],[5.56437,44.1709],[5.59099,44.18716],[5.62061,44.17727],[5.63222,44.15217],[5.67794,44.14638],[5.64697,44.16629],[5.65794,44.18898],[5.6831,44.20352],[5.67945,44.2288],[5.67388,44.25324],[5.65933,44.27199],[5.63211,44.2839],[5.62705,44.30108],[5.61107,44.31594],[5.6238,44.33522],[5.58792,44.33211],[5.55214,44.33082],[5.52137,44.35108],[5.48792,44.3416],[5.46404,44.3658],[5.43173,44.37348],[5.43638,44.40226],[5.43007,44.4317],[5.46675,44.42409],[5.49772,44.43815],[5.46405,44.45736],[5.46279,44.48108],[5.47203,44.49852],[5.51227,44.49106],[5.55672,44.47574],[5.6063,44.46795],[5.62502,44.4948],[5.66247,44.50138],[5.62737,44.53458],[5.60026,44.55534],[5.62014,44.58436],[5.63522,44.60294],[5.64618,44.62141],[5.64803,44.65225],[5.68372,44.65073],[5.71903,44.6405],[5.75356,44.64858],[5.76109,44.65876],[5.79143,44.65862],[5.81125,44.67874],[5.82036,44.70364],[5.81116,44.71789],[5.8278,44.74504],[5.84679,44.75162],[5.8795,44.74702],[5.91086,44.75771],[5.93108,44.75962],[5.97186,44.77806],[5.95376,44.79953],[5.9849,44.81891],[6.01326,44.83332],[6.04728,44.82368],[6.0733,44.82779],[6.11219,44.84486],[6.1329,44.8645],[6.16845,44.85225],[6.20695,44.85614],[6.23746,44.85197],[6.26185,44.86538],[6.29866,44.87313],[6.32409,44.85221],[6.35133,44.86244],[6.3593,44.88807],[6.35767,44.91321],[6.35834,44.93851],[6.33177,44.9469],[6.32229,44.97429],[6.32034,44.99518],[6.29392,45.00252],[6.25343,44.99521],[6.20869,45.03256],[6.21903,45.06108],[6.23753,45.08217],[6.22885,45.10831],[6.26417,45.12641],[6.29355,45.10851],[6.32882,45.1174],[6.35867,45.10655],[6.37073,45.07754],[6.39464,45.06143],[6.43427,45.06359],[6.46657,45.0547],[6.48915,45.06571],[6.48038,45.09079],[6.51667,45.10549],[6.55104,45.10329],[6.58176,45.12142],[6.61555,45.12148],[6.63885,45.09138],[6.66211,45.07164],[6.66681,45.04664],[6.67084,45.02901],[6.71044,45.0209],[6.74739,45.00775],[6.74919,44.98218],[6.75629,44.94698],[6.75308,44.93787],[6.75055,44.91463],[6.77835,44.89886],[6.80335,44.87807],[6.8382,44.86186],[6.87019,44.84961],[6.90466,44.84723],[6.93121,44.86353],[6.9613,44.85066],[7.00677,44.83932],[7.02057,44.81947],[7.00513,44.79567],[7.01997,44.77398],[7.02324,44.74915],[7.03272,44.72785],[7.06524,44.70826],[7.0737,44.68025],[7.03679,44.68937],[7.00158,44.6876],[6.9654,44.67752],[6.94834,44.65482]],[[5.11807,43.51322],[5.11821,43.51801],[5.11714,43.52011],[5.11519,43.52101],[5.11375,43.52303],[5.10867,43.52549],[5.10269,43.52604],[5.09372,43.52506],[5.0915,43.5251],[5.08487,43.52635],[5.08121,43.52634],[5.07939,43.52688],[5.07576,43.52611],[5.07083,43.52659],[5.06433,43.52783],[5.05869,43.52788],[5.05557,43.52696],[5.04874,43.52257],[5.04561,43.5218],[5.04513,43.52339],[5.04318,43.52528],[5.04326,43.52739],[5.04102,43.52983],[5.03725,43.53266],[5.03374,43.53572],[5.03193,43.53946],[5.03343,43.54235],[5.03304,43.54506],[5.03142,43.546],[5.02943,43.54871],[5.02682,43.54832],[5.02519,43.54944],[5.02488,43.55071],[5.02569,43.55208],[5.022,43.55615],[5.01934,43.55538],[5.01689,43.55626],[5.01445,43.55555],[5.01329,43.55445],[5.01201,43.54925],[5.01301,43.54834],[5.01228,43.54713],[5.01228,43.54443],[5.0142,43.53894],[5.01416,43.53516],[5.01344,43.53301],[5.01411,43.53137],[5.01592,43.52903],[5.01586,43.52747],[5.01476,43.52644],[5.01408,43.52372],[5.01217,43.5239],[5.00816,43.52031],[5.0082,43.51949],[5.00575,43.51717],[5.00518,43.51577],[5.00246,43.51278],[4.99983,43.50815],[5.00009,43.50555],[4.99895,43.50372],[4.99804,43.5009],[4.99857,43.49788],[5.00006,43.49663],[5.00022,43.49343],[5.00163,43.48866],[5.00354,43.48565],[5.00367,43.4833],[5.00319,43.4807],[5.00226,43.47915],[5.00106,43.47886],[5.00065,43.47671],[5.00086,43.4741],[5.00223,43.47285],[5.00289,43.4713],[5.00601,43.46966],[5.00876,43.46949],[5.01263,43.47044],[5.01434,43.47004],[5.01707,43.47033],[5.01783,43.46933],[5.02106,43.46843],[5.02218,43.46999],[5.02432,43.47061],[5.02651,43.46984],[5.03798,43.47064],[5.04061,43.47022],[5.04814,43.46671],[5.05023,43.46535],[5.05188,43.46356],[5.0539,43.45887],[5.05403,43.45617],[5.05497,43.45389],[5.05524,43.45154],[5.05514,43.44682],[5.05418,43.44324],[5.05426,43.44085],[5.05601,43.43734],[5.057,43.43453],[5.05853,43.42863],[5.05993,43.42693],[5.06096,43.42105],[5.06073,43.41737],[5.05962,43.41618],[5.05914,43.41358],[5.05834,43.41234],[5.05782,43.40763],[5.05963,43.40677],[5.05957,43.40398],[5.06081,43.40286],[5.06378,43.40149],[5.07039,43.40021],[5.08166,43.3997],[5.08631,43.39991],[5.09271,43.40061],[5.10286,43.40275],[5.11071,43.40413],[5.11753,43.40459],[5.12158,43.40405],[5.12179,43.40201],[5.12352,43.40062],[5.12578,43.40002],[5.13727,43.40019],[5.13992,43.40111],[5.1444,43.40325],[5.15346,43.40803],[5.15442,43.40786],[5.16026,43.41105],[5.16846,43.41616],[5.17339,43.41981],[5.17676,43.42181],[5.18286,43.42661],[5.1904,43.43416],[5.19399,43.43695],[5.19883,43.43868],[5.20444,43.44214],[5.1954,43.44853],[5.19842,43.45089],[5.20189,43.44828],[5.20865,43.44369],[5.21161,43.44488],[5.21278,43.4462],[5.21674,43.44722],[5.22321,43.45076],[5.2266,43.45301],[5.22713,43.4579],[5.2286,43.46008],[5.22762,43.46289],[5.23014,43.46508],[5.2295,43.46744],[5.2273,43.4701],[5.22789,43.47238],[5.22603,43.47473],[5.22458,43.47567],[5.22411,43.4786],[5.22484,43.48107],[5.22329,43.48313],[5.21982,43.48444],[5.22009,43.48618],[5.21874,43.48797],[5.21555,43.48815],[5.21181,43.48901],[5.20976,43.49018],[5.2086,43.49166],[5.20558,43.492],[5.20279,43.49118],[5.20059,43.48984],[5.19909,43.48961],[5.19674,43.48839],[5.1926,43.4872],[5.18841,43.48475],[5.1871,43.48455],[5.1861,43.48299],[5.18451,43.48196],[5.18194,43.47892],[5.18062,43.47818],[5.17405,43.47546],[5.16972,43.47265],[5.16794,43.47052],[5.16542,43.47181],[5.16346,43.47077],[5.16081,43.46841],[5.15952,43.46498],[5.15384,43.45999],[5.15536,43.45909],[5.15495,43.45581],[5.15141,43.45545],[5.15122,43.45649],[5.14969,43.45703],[5.1487,43.45822],[5.14585,43.45806],[5.14283,43.46089],[5.14264,43.46364],[5.14161,43.46515],[5.1384,43.46784],[5.137,43.46981],[5.13338,43.47161],[5.13252,43.47164],[5.13212,43.47385],[5.13083,43.47551],[5.13036,43.47741],[5.12751,43.47986],[5.12563,43.48311],[5.12418,43.48395],[5.12339,43.48677],[5.12226,43.48791],[5.12251,43.48944],[5.12016,43.49468],[5.11953,43.49703],[5.11751,43.50028],[5.11565,43.5016],[5.11519,43.50359],[5.11357,43.50466],[5.11304,43.50656],[5.11411,43.50965],[5.11343,43.51097],[5.11706,43.51196],[5.11807,43.51322]]],[[[7.06711,43.51365],[7.06665,43.5148],[7.06116,43.51588],[7.06024,43.51524],[7.0568,43.51557],[7.04932,43.51584],[7.04811,43.51535],[7.04344,43.51568],[7.03577,43.51748],[7.03158,43.52104],[7.03221,43.52344],[7.03477,43.52213],[7.0372,43.52152],[7.0399,43.52204],[7.04225,43.52361],[7.04403,43.52412],[7.04834,43.52376],[7.05326,43.52099],[7.05582,43.52043],[7.05746,43.52068],[7.06105,43.51994],[7.0636,43.5201],[7.06577,43.51862],[7.07088,43.51736],[7.06977,43.51588],[7.06804,43.51591],[7.06711,43.51365]]],[[[7.04782,43.5045],[7.04719,43.50528],[7.04378,43.50587],[7.0403,43.50593],[7.03709,43.50679],[7.0371,43.5085],[7.03943,43.50903],[7.04727,43.50943],[7.0486,43.50902],[7.05171,43.50897],[7.05544,43.50782],[7.05449,43.50674],[7.05062,43.50635],[7.04837,43.50532],[7.04782,43.5045]]],[[[5.3967,43.173],[5.39314,43.17309],[5.38894,43.1727],[5.38636,43.17309],[5.38496,43.17426],[5.38165,43.17476],[5.38029,43.17578],[5.3771,43.17577],[5.37573,43.17671],[5.37299,43.17738],[5.37194,43.17965],[5.37375,43.17924],[5.3774,43.17938],[5.38041,43.18042],[5.38376,43.17857],[5.3897,43.17792],[5.39277,43.17671],[5.39613,43.17612],[5.39844,43.17434],[5.3967,43.173]]],[[[5.38896,43.18537],[5.38364,43.18722],[5.38094,43.18986],[5.38251,43.19063],[5.38453,43.18999],[5.38509,43.18907],[5.38778,43.18747],[5.39128,43.18615],[5.38896,43.18537]]],[[[5.61904,43.15731],[5.61533,43.15914],[5.61482,43.16234],[5.61807,43.16211],[5.61908,43.16141],[5.61916,43.15924],[5.62068,43.15911],[5.61904,43.15731]]],[[[5.30568,43.27676],[5.30805,43.27703],[5.31189,43.27593],[5.3112,43.27431],[5.3086,43.2729],[5.3044,43.27292],[5.30159,43.27196],[5.29985,43.26926],[5.29924,43.26706],[5.29634,43.26692],[5.29571,43.26528],[5.29248,43.26369],[5.29186,43.26231],[5.28799,43.26116],[5.28795,43.26273],[5.28628,43.26404],[5.28569,43.26567],[5.28812,43.26646],[5.2903,43.26806],[5.29265,43.26824],[5.29656,43.2703],[5.29714,43.27185],[5.30123,43.27364],[5.30151,43.27543],[5.30355,43.27632],[5.30296,43.27885],[5.30098,43.27964],[5.29851,43.27844],[5.29683,43.27911],[5.29294,43.27931],[5.29164,43.28028],[5.29459,43.28142],[5.29759,43.28094],[5.29781,43.28179],[5.30208,43.28195],[5.30341,43.28137],[5.30501,43.28268],[5.30067,43.28343],[5.30054,43.28438],[5.30261,43.2854],[5.30547,43.28452],[5.30576,43.28536],[5.31,43.28516],[5.31139,43.2844],[5.31265,43.28505],[5.31258,43.28725],[5.31688,43.28696],[5.31775,43.28595],[5.32393,43.28619],[5.32326,43.28508],[5.32104,43.28505],[5.32076,43.28326],[5.31941,43.28239],[5.31772,43.28289],[5.31574,43.28126],[5.31351,43.28037],[5.30864,43.28147],[5.306,43.27927],[5.30362,43.27889],[5.30415,43.27652],[5.30568,43.27676]]],[[[5.33821,43.20794],[5.33479,43.20975],[5.33342,43.20933],[5.33243,43.21066],[5.32944,43.2111],[5.32852,43.21248],[5.33298,43.21299],[5.33561,43.2126],[5.3374,43.21288],[5.33963,43.21178],[5.33997,43.21005],[5.33949,43.20871],[5.33821,43.20794]]],[[[5.36247,43.20002],[5.36335,43.19881],[5.36663,43.19764],[5.36849,43.19602],[5.37005,43.19544],[5.3705,43.19383],[5.36583,43.19615],[5.36144,43.19687],[5.36247,43.20002]]],[[[5.32481,43.27891],[5.32437,43.28036],[5.32771,43.28046],[5.32666,43.27918],[5.32481,43.27891]]],[[[5.33505,43.3373],[5.34051,43.33426],[5.34535,43.32849],[5.34667,43.32718],[5.3506,43.32223],[5.35703,43.31457],[5.35905,43.31175],[5.36168,43.30868],[5.35769,43.29929],[5.36094,43.30862],[5.35323,43.31838],[5.33953,43.33473],[5.3343,43.3372],[5.32837,43.34182],[5.3189,43.34707],[5.31935,43.34746],[5.32861,43.34222],[5.33399,43.33791],[5.33505,43.3373]]],[[[4.87756,43.36494],[4.87696,43.36283],[4.87494,43.36236],[4.87485,43.36624],[4.87366,43.36794],[4.87457,43.36878],[4.87679,43.36782],[4.87776,43.36636],[4.87756,43.36494]]],[[[6.39497,42.98688],[6.39391,42.98841],[6.39506,42.98927],[6.39678,42.98912],[6.39598,42.98734],[6.39497,42.98688]]],[[[6.4348,43.01554],[6.43368,43.0172],[6.43362,43.01918],[6.43462,43.02027],[6.43717,43.02176],[6.4372,43.02302],[6.44065,43.02506],[6.4458,43.02487],[6.44817,43.02559],[6.45132,43.0276],[6.45267,43.02727],[6.45397,43.02583],[6.45631,43.02763],[6.4579,43.02757],[6.45959,43.02977],[6.46047,43.03005],[6.46168,43.03347],[6.46095,43.03525],[6.46238,43.03647],[6.46239,43.03764],[6.4667,43.04136],[6.46799,43.04406],[6.47066,43.04536],[6.47278,43.04573],[6.47334,43.04693],[6.47576,43.04715],[6.47806,43.04793],[6.48084,43.04807],[6.48356,43.04743],[6.48543,43.04792],[6.48719,43.04911],[6.48914,43.04872],[6.492,43.04979],[6.49277,43.04933],[6.49557,43.05059],[6.49694,43.05023],[6.49866,43.05125],[6.50116,43.05156],[6.50459,43.05354],[6.50839,43.05222],[6.50769,43.0485],[6.50792,43.04764],[6.51069,43.0479],[6.51129,43.04682],[6.50952,43.0452],[6.50868,43.0453],[6.5036,43.04261],[6.50317,43.04196],[6.50055,43.04314],[6.49957,43.04252],[6.49531,43.04279],[6.49424,43.04326],[6.49196,43.04117],[6.48909,43.04288],[6.48754,43.04272],[6.48738,43.04073],[6.48488,43.04015],[6.48426,43.03699],[6.48264,43.03594],[6.48262,43.03504],[6.4804,43.03202],[6.48006,43.03035],[6.47908,43.02988],[6.4776,43.02788],[6.47283,43.02509],[6.47296,43.02071],[6.47096,43.01664],[6.46747,43.01753],[6.46479,43.01515],[6.46089,43.01372],[6.45898,43.01378],[6.4545,43.01563],[6.45233,43.0171],[6.45038,43.01735],[6.44862,43.01313],[6.44595,43.01093],[6.44532,43.0088],[6.44052,43.00586],[6.43834,43.0036],[6.4355,43.00533],[6.43371,43.00692],[6.43349,43.00905],[6.43262,43.01074],[6.43445,43.01239],[6.43418,43.01475],[6.4348,43.01554]]],[[[6.14515,43.02003],[6.14699,43.01942],[6.14445,43.01793],[6.14479,43.0163],[6.14065,43.01801],[6.13946,43.01972],[6.13983,43.02061],[6.14265,43.0206],[6.14515,43.02003]]],[[[5.74996,43.12661],[5.74802,43.12725],[5.74976,43.12856],[5.75245,43.1273],[5.74996,43.12661]]],[[[6.3971,42.9928],[6.39491,42.99333],[6.39462,42.99524],[6.3908,42.99514],[6.3899,42.99743],[6.38793,42.99809],[6.38547,42.99808],[6.38162,42.99733],[6.38053,42.99763],[6.37453,42.99686],[6.37352,42.99568],[6.37198,42.99817],[6.37005,42.99869],[6.37032,43.00084],[6.37265,43.00166],[6.37244,43.00343],[6.37452,43.00407],[6.37479,43.00532],[6.37661,43.00508],[6.37702,43.0074],[6.38017,43.00778],[6.38285,43.00643],[6.38352,43.00739],[6.38256,43.00954],[6.38044,43.00989],[6.38267,43.0123],[6.38328,43.0138],[6.38487,43.01293],[6.38703,43.013],[6.39104,43.01149],[6.39259,43.01252],[6.39261,43.01395],[6.39375,43.01441],[6.39511,43.01347],[6.39865,43.01505],[6.40042,43.01494],[6.40146,43.01674],[6.40272,43.01552],[6.40501,43.01742],[6.40749,43.01775],[6.40893,43.01917],[6.41016,43.01829],[6.40963,43.01672],[6.41279,43.01701],[6.41422,43.01557],[6.41244,43.01378],[6.41153,43.01124],[6.4116,43.00962],[6.41291,43.0089],[6.41461,43.00942],[6.41679,43.01174],[6.41779,43.01197],[6.41992,43.01383],[6.42011,43.01179],[6.41764,43.00719],[6.41552,43.00583],[6.4135,43.00316],[6.4097,43.00158],[6.4093,42.99984],[6.4069,42.99723],[6.40661,42.99561],[6.4051,42.99611],[6.40278,42.9944],[6.40053,42.99475],[6.39842,42.99424],[6.3971,42.9928]]],[[[6.36377,43.00396],[6.36239,43.0046],[6.36154,43.00633],[6.35918,43.0089],[6.36061,43.01186],[6.35996,43.01505],[6.36151,43.01624],[6.36171,43.01742],[6.3684,43.01807],[6.36758,43.01508],[6.36476,43.01343],[6.36373,43.00991],[6.36463,43.006],[6.36377,43.00396]]],[[[5.76735,43.07892],[5.7657,43.0801],[5.76796,43.08191],[5.76959,43.08065],[5.76911,43.07968],[5.76735,43.07892]]],[[[6.24407,43.02004],[6.24738,43.01845],[6.24873,43.01651],[6.24835,43.01337],[6.24926,43.01248],[6.24895,43.00843],[6.2505,43.00761],[6.25067,43.00558],[6.25171,43.00554],[6.25233,43.00377],[6.24937,43.00252],[6.25084,42.99967],[6.24707,42.99746],[6.24504,42.99726],[6.24363,42.9983],[6.24096,42.99785],[6.23857,42.99686],[6.23737,42.99734],[6.23496,42.99509],[6.23397,42.99602],[6.23207,42.99609],[6.23102,42.995],[6.23066,42.99334],[6.22907,42.99344],[6.22715,42.99229],[6.22565,42.99261],[6.22306,42.9914],[6.22067,42.99166],[6.22083,42.99008],[6.2191,42.98991],[6.21672,42.99121],[6.21448,42.98972],[6.21293,42.9868],[6.20885,42.98518],[6.20911,42.98436],[6.20563,42.98181],[6.20467,42.98239],[6.19993,42.98202],[6.19585,42.98337],[6.19511,42.98534],[6.19719,42.9863],[6.19722,42.98761],[6.19409,42.98866],[6.1943,42.98992],[6.1922,42.99076],[6.19042,42.99072],[6.18834,42.99192],[6.18278,42.99319],[6.18093,42.99393],[6.17882,42.99351],[6.1786,42.99491],[6.17737,42.9959],[6.17419,42.99623],[6.17342,42.99559],[6.17086,42.9968],[6.1698,42.99662],[6.16931,42.99942],[6.16706,42.99982],[6.16697,42.99832],[6.16454,42.99783],[6.16265,42.99794],[6.1613,42.99888],[6.16246,42.99992],[6.16088,43.0011],[6.16204,43.00184],[6.16409,43.00149],[6.16582,43.00054],[6.16912,43.00132],[6.16878,43.00372],[6.17035,43.00623],[6.17127,43.00621],[6.17448,43.00753],[6.17694,43.00646],[6.17736,43.00811],[6.17959,43.00863],[6.18101,43.00781],[6.18469,43.00845],[6.18576,43.00517],[6.18819,43.00391],[6.19329,43.00486],[6.19393,43.00357],[6.19723,43.00311],[6.1977,43.00101],[6.2008,43.0005],[6.20245,43.0013],[6.20342,43.00307],[6.20647,43.00279],[6.20763,43.00162],[6.21173,43.00256],[6.21391,43.00397],[6.21611,43.00745],[6.21726,43.00823],[6.21781,43.01018],[6.21615,43.01213],[6.21759,43.01353],[6.21843,43.01206],[6.22094,43.01283],[6.22257,43.01259],[6.22297,43.01092],[6.22489,43.01129],[6.2275,43.01107],[6.22822,43.00969],[6.23057,43.01001],[6.234,43.01166],[6.23619,43.01419],[6.23693,43.01637],[6.23634,43.01847],[6.23879,43.02132],[6.23917,43.02431],[6.24225,43.02547],[6.24189,43.02278],[6.24407,43.02004]]],[[[5.78064,43.06977],[5.77854,43.07034],[5.77989,43.07381],[5.77775,43.07391],[5.77762,43.07478],[5.77868,43.07713],[5.77785,43.07978],[5.77864,43.08096],[5.78105,43.08233],[5.78372,43.08157],[5.78355,43.07969],[5.78166,43.07988],[5.78129,43.07876],[5.78622,43.0769],[5.78729,43.07728],[5.78616,43.07898],[5.79007,43.07989],[5.79221,43.07745],[5.79158,43.07601],[5.78996,43.07449],[5.78772,43.0742],[5.78373,43.07108],[5.78064,43.06977]]],[[[5.91334,43.11608],[5.91393,43.11872],[5.92061,43.11945],[5.91986,43.11812],[5.91566,43.11776],[5.91568,43.11704],[5.91334,43.11608]]],[[[5.79082,43.06871],[5.78718,43.07224],[5.79033,43.07258],[5.79254,43.06936],[5.79082,43.06871]]],[[[4.89291,44.36482],[4.89318,44.36788],[4.89455,44.3691],[4.8999,44.36952],[4.90248,44.37126],[4.9024,44.37243],[4.90489,44.37307],[4.90663,44.3741],[4.90896,44.37734],[4.91087,44.38378],[4.91186,44.38789],[4.90968,44.39672],[4.91437,44.40194],[4.91852,44.40779],[4.92191,44.40951],[4.92342,44.40808],[4.9254,44.40879],[4.92607,44.40991],[4.92842,44.41166],[4.93051,44.41219],[4.93276,44.41188],[4.93503,44.41214],[4.93922,44.41457],[4.9433,44.41429],[4.94621,44.41486],[4.94778,44.41657],[4.95192,44.41874],[4.95196,44.42005],[4.95563,44.42052],[4.95928,44.41978],[4.96047,44.42005],[4.9633,44.42193],[4.96439,44.42349],[4.96437,44.42498],[4.96836,44.427],[4.96999,44.42967],[4.97044,44.43137],[4.97308,44.43153],[4.97667,44.42875],[4.97743,44.42751],[4.97764,44.42485],[4.97869,44.42348],[4.98457,44.42308],[4.98861,44.4232],[4.99075,44.42054],[4.99586,44.41683],[5.00106,44.4126],[5.00637,44.41172],[5.00997,44.41083],[5.01074,44.41116],[5.01215,44.41582],[5.01707,44.41615],[5.01876,44.41598],[5.02019,44.41027],[5.01727,44.40841],[5.01766,44.40727],[5.01331,44.40535],[5.01451,44.40009],[5.01558,44.39304],[5.0181,44.3933],[5.02077,44.39122],[5.02271,44.39126],[5.02635,44.39243],[5.0289,44.39192],[5.03105,44.39084],[5.03232,44.39126],[5.0345,44.39084],[5.03689,44.38944],[5.03818,44.38761],[5.04294,44.38727],[5.04404,44.38503],[5.04408,44.38342],[5.04509,44.38222],[5.04757,44.38135],[5.05197,44.38134],[5.05405,44.38178],[5.05542,44.38278],[5.05795,44.38322],[5.05981,44.38408],[5.0625,44.3841],[5.06474,44.38356],[5.06445,44.38253],[5.06585,44.38173],[5.06794,44.38213],[5.06875,44.38333],[5.071,44.38313],[5.07206,44.38041],[5.07156,44.37749],[5.06839,44.37546],[5.06758,44.37443],[5.06363,44.373],[5.06246,44.37217],[5.05903,44.37131],[5.0576,44.37016],[5.05697,44.36726],[5.05504,44.36502],[5.04783,44.36379],[5.04274,44.36219],[5.04075,44.36414],[5.03666,44.36421],[5.03477,44.36378],[5.03252,44.36121],[5.0277,44.36282],[5.02598,44.36228],[5.02389,44.36056],[5.02217,44.35845],[5.02179,44.35309],[5.02202,44.34963],[5.02312,44.34775],[5.02329,44.34595],[5.0202,44.34259],[5.01996,44.34162],[5.01786,44.34112],[5.01454,44.33841],[5.01411,44.33711],[5.01169,44.33649],[5.00901,44.33377],[5.00998,44.33198],[5.01035,44.32787],[5.01378,44.32579],[5.01154,44.32479],[5.00842,44.32396],[5.00065,44.31983],[4.99657,44.31974],[4.9983,44.31754],[4.99574,44.31656],[4.99313,44.31427],[4.99088,44.31176],[4.99067,44.31005],[4.98975,44.30877],[4.98965,44.30674],[4.9889,44.30393],[4.98771,44.30112],[4.98787,44.29909],[4.98866,44.29709],[4.98788,44.29377],[4.98702,44.29271],[4.97965,44.29748],[4.9762,44.29751],[4.97194,44.29883],[4.96856,44.29909],[4.96211,44.29919],[4.95946,44.29875],[4.95921,44.30039],[4.95698,44.30241],[4.95505,44.30147],[4.9509,44.30093],[4.94905,44.3031],[4.947,44.30318],[4.94403,44.30586],[4.94205,44.30622],[4.93721,44.30614],[4.93305,44.30701],[4.92215,44.30878],[4.91725,44.30854],[4.91238,44.30766],[4.90812,44.30617],[4.90126,44.30543],[4.89763,44.30564],[4.89166,44.30425],[4.89091,44.30562],[4.89156,44.31037],[4.89138,44.3134],[4.88768,44.3163],[4.88408,44.32021],[4.88163,44.32487],[4.88228,44.32643],[4.8847,44.32904],[4.88644,44.32969],[4.88761,44.33147],[4.88947,44.33308],[4.89423,44.33287],[4.89533,44.33806],[4.88575,44.34287],[4.87965,44.34534],[4.87802,44.34543],[4.86953,44.34508],[4.8701,44.34807],[4.87264,44.35015],[4.87776,44.35269],[4.88089,44.35361],[4.88063,44.35528],[4.88348,44.35571],[4.88494,44.35753],[4.88793,44.35844],[4.89068,44.35978],[4.89228,44.36163],[4.89291,44.36482]]]]},"properties":{"code":"93","nom":"Provence-Alpes-Côte d'Azur"}},{"type":"Feature","geometry":{"type":"MultiPolygon","coordinates":[[[[8.5864,41.87389],[8.58667,41.87601],[8.59061,41.878],[8.5922,41.87823],[8.59576,41.88124],[8.59789,41.88207],[8.59855,41.88068],[8.59454,41.87629],[8.59333,41.87555],[8.59421,41.87416],[8.59289,41.8736],[8.58877,41.87467],[8.5864,41.87389]]],[[[9.37422,41.5585],[9.37286,41.55863],[9.37082,41.56044],[9.37098,41.56292],[9.37264,41.56326],[9.37449,41.56152],[9.37518,41.55963],[9.37422,41.5585]]],[[[8.54194,42.3704],[8.54234,42.36699],[8.54166,42.36619],[8.53769,42.36931],[8.53654,42.36925],[8.53514,42.37075],[8.5376,42.37276],[8.54194,42.3704]]],[[[9.26095,41.3387],[9.26076,41.33587],[9.25896,41.33363],[9.25709,41.3346],[9.25776,41.3374],[9.25624,41.33836],[9.25383,41.3371],[9.25307,41.3385],[9.25387,41.33918],[9.2514,41.34019],[9.24912,41.34015],[9.24887,41.34111],[9.24975,41.34331],[9.25385,41.3441],[9.2536,41.34561],[9.25692,41.34572],[9.25688,41.34767],[9.2592,41.34743],[9.25792,41.34566],[9.25681,41.34311],[9.25641,41.34114],[9.25876,41.34118],[9.25794,41.3392],[9.26168,41.33987],[9.26095,41.3387]]],[[[9.3591,41.54833],[9.35836,41.54924],[9.35919,41.5509],[9.36035,41.5516],[9.36185,41.55372],[9.36486,41.55263],[9.36471,41.55124],[9.36321,41.54966],[9.36101,41.54831],[9.3591,41.54833]]],[[[9.27103,41.36496],[9.26859,41.36678],[9.26747,41.36631],[9.26765,41.3648],[9.26656,41.36239],[9.26182,41.36457],[9.26236,41.36571],[9.25985,41.36685],[9.2588,41.36602],[9.25568,41.36653],[9.25503,41.36829],[9.2533,41.36776],[9.25101,41.36776],[9.25038,41.36856],[9.25213,41.36973],[9.25408,41.3701],[9.25721,41.37181],[9.25735,41.37311],[9.25848,41.37418],[9.26059,41.37318],[9.26027,41.37185],[9.2615,41.37096],[9.26372,41.37164],[9.26358,41.37313],[9.2683,41.37294],[9.269,41.37167],[9.26639,41.36967],[9.26586,41.36862],[9.2676,41.36801],[9.27428,41.36936],[9.27466,41.36852],[9.27334,41.36739],[9.27282,41.3653],[9.27103,41.36496]]],[[[9.22633,41.37072],[9.22737,41.37146],[9.22718,41.37319],[9.22795,41.3741],[9.23027,41.37224],[9.22633,41.37072]]],[[[9.35516,41.53819],[9.35391,41.53945],[9.35196,41.54033],[9.35231,41.54126],[9.35497,41.54042],[9.35516,41.53819]]],[[[9.39202,41.66812],[9.38954,41.6685],[9.38975,41.67043],[9.39281,41.67246],[9.39411,41.67273],[9.3954,41.67184],[9.39651,41.66997],[9.3956,41.66889],[9.39401,41.66967],[9.39202,41.66812]]],[[[9.36261,41.63237],[9.36091,41.63323],[9.36134,41.63448],[9.36316,41.63409],[9.36261,41.63237]]],[[[9.40227,41.8587],[9.40156,41.84578],[9.40502,41.83011],[9.40506,41.81851],[9.39804,41.80309],[9.39605,41.79274],[9.39519,41.77625],[9.40815,41.76636],[9.40589,41.75142],[9.40709,41.74263],[9.40198,41.73038],[9.40176,41.71634],[9.40444,41.70891],[9.40019,41.69296],[9.38496,41.6893],[9.37286,41.67572],[9.3881,41.67026],[9.3868,41.66013],[9.38287,41.64691],[9.37752,41.64684],[9.36723,41.63605],[9.34943,41.63846],[9.34935,41.62844],[9.35578,41.61738],[9.34329,41.61928],[9.32228,41.61602],[9.32052,41.62024],[9.30761,41.6283],[9.3003,41.61208],[9.28663,41.60528],[9.28511,41.59567],[9.29129,41.58734],[9.30495,41.59007],[9.32191,41.60489],[9.33719,41.60092],[9.35123,41.59445],[9.36863,41.59739],[9.35851,41.58628],[9.34986,41.57588],[9.34513,41.56194],[9.32945,41.55943],[9.31143,41.55065],[9.3022,41.5444],[9.29229,41.53339],[9.27539,41.53167],[9.28138,41.52096],[9.28075,41.5112],[9.27264,41.49855],[9.28311,41.50025],[9.28653,41.48641],[9.28196,41.47694],[9.27193,41.47032],[9.2692,41.46674],[9.27115,41.46206],[9.25882,41.45789],[9.24825,41.45112],[9.23235,41.4446],[9.22467,41.43346],[9.22591,41.42155],[9.21532,41.4133],[9.22369,41.40475],[9.23628,41.41581],[9.25213,41.42488],[9.26471,41.42641],[9.25885,41.41597],[9.25077,41.40992],[9.24452,41.40016],[9.23566,41.39056],[9.22338,41.37795],[9.22004,41.36739],[9.20398,41.36584],[9.19231,41.36597],[9.17777,41.3719],[9.16974,41.38322],[9.14847,41.38618],[9.15492,41.38995],[9.13767,41.39171],[9.13294,41.39976],[9.11304,41.3959],[9.0965,41.39206],[9.09125,41.39914],[9.09369,41.40636],[9.10104,41.41635],[9.10435,41.42551],[9.11819,41.43393],[9.12237,41.44149],[9.10654,41.44569],[9.09508,41.44737],[9.0826,41.44175],[9.07043,41.44654],[9.06819,41.45774],[9.0714,41.46996],[9.07417,41.47752],[9.0615,41.46725],[9.05012,41.46052],[9.04026,41.46327],[9.02893,41.46751],[9.02547,41.46591],[9.01609,41.47454],[9.00911,41.47424],[8.99709,41.48398],[8.98834,41.47894],[8.97747,41.47958],[8.96578,41.48274],[8.95991,41.49193],[8.93792,41.49029],[8.92719,41.48982],[8.92085,41.4981],[8.90505,41.50818],[8.88648,41.50519],[8.88896,41.51412],[8.87781,41.52379],[8.85627,41.5193],[8.84141,41.52377],[8.85113,41.5414],[8.84488,41.54081],[8.83085,41.54712],[8.8172,41.54701],[8.8084,41.55621],[8.7917,41.55753],[8.78219,41.56633],[8.79424,41.56903],[8.80262,41.57574],[8.79161,41.58706],[8.78208,41.59027],[8.7822,41.59509],[8.78893,41.60528],[8.78793,41.61671],[8.79472,41.62377],[8.79435,41.63269],[8.80333,41.64107],[8.81584,41.62974],[8.82813,41.63577],[8.83938,41.63991],[8.85637,41.64643],[8.87244,41.64718],[8.88125,41.67024],[8.89758,41.67797],[8.91677,41.68241],[8.90324,41.69024],[8.8833,41.69378],[8.86265,41.69629],[8.83956,41.69901],[8.80913,41.71379],[8.79395,41.70725],[8.78169,41.69982],[8.784,41.70895],[8.77304,41.71512],[8.78096,41.72432],[8.77498,41.74142],[8.75303,41.73539],[8.72681,41.72819],[8.70691,41.72318],[8.70663,41.73425],[8.69551,41.74173],[8.67836,41.7421],[8.65872,41.74026],[8.66592,41.75214],[8.68782,41.74929],[8.70346,41.75804],[8.72125,41.76828],[8.73148,41.78075],[8.71754,41.79084],[8.70815,41.79781],[8.72608,41.79853],[8.73963,41.8012],[8.74895,41.81115],[8.76242,41.80885],[8.77254,41.81646],[8.78337,41.83037],[8.77222,41.83485],[8.76064,41.84268],[8.75262,41.84575],[8.7686,41.84566],[8.79099,41.85984],[8.78279,41.87303],[8.78026,41.88274],[8.79535,41.88722],[8.79869,41.90287],[8.77265,41.92738],[8.75821,41.9257],[8.74019,41.92942],[8.74163,41.91674],[8.7267,41.91239],[8.70837,41.90805],[8.68536,41.90761],[8.67125,41.90479],[8.6497,41.90865],[8.6267,41.904],[8.61033,41.89619],[8.61162,41.90064],[8.60911,41.90957],[8.61558,41.92372],[8.62243,41.93177],[8.61214,41.94028],[8.60468,41.94737],[8.59935,41.95656],[8.60122,41.96748],[8.61813,41.97101],[8.63629,41.96798],[8.66096,41.97632],[8.66971,41.98771],[8.6576,41.99551],[8.6567,42.00725],[8.66928,42.01856],[8.68507,42.02639],[8.70846,42.0283],[8.72029,42.03279],[8.72272,42.04137],[8.74133,42.04091],[8.7434,42.05723],[8.73105,42.06396],[8.71477,42.08154],[8.70956,42.09726],[8.69603,42.11418],[8.68125,42.10705],[8.66388,42.10612],[8.65788,42.10907],[8.64701,42.12114],[8.63406,42.12383],[8.62029,42.12563],[8.60922,42.13437],[8.59445,42.12975],[8.58383,42.13277],[8.58668,42.14954],[8.57198,42.15052],[8.55879,42.14632],[8.5718,42.15663],[8.58844,42.16227],[8.58155,42.17113],[8.56114,42.1716],[8.57005,42.17708],[8.58094,42.18407],[8.57706,42.19524],[8.57827,42.2075],[8.5707,42.2108],[8.57621,42.21629],[8.56904,42.22228],[8.56981,42.23081],[8.55772,42.2283],[8.54254,42.23386],[8.54854,42.23936],[8.56636,42.23894],[8.57633,42.24336],[8.58831,42.24464],[8.60531,42.24945],[8.61741,42.25316],[8.62938,42.25274],[8.64184,42.25692],[8.66559,42.25932],[8.68064,42.26219],[8.6912,42.2705],[8.68528,42.28297],[8.67689,42.28596],[8.67013,42.29622],[8.66102,42.30115],[8.64982,42.30221],[8.63952,42.30008],[8.62896,42.30458],[8.62246,42.31148],[8.60524,42.30637],[8.59992,42.31538],[8.6163,42.32663],[8.62618,42.33474],[8.61898,42.34069],[8.61311,42.3491],[8.60025,42.353],[8.58089,42.34489],[8.5655,42.33512],[8.55413,42.33335],[8.55932,42.34466],[8.55182,42.34949],[8.55773,42.36005],[8.54767,42.36601],[8.54444,42.37396],[8.55257,42.37562],[8.56265,42.36922],[8.57392,42.37298],[8.57683,42.38338],[8.59456,42.3817],[8.60865,42.3887],[8.60196,42.39736],[8.61129,42.40489],[8.60859,42.41131],[8.62201,42.41947],[8.6421,42.41702],[8.65506,42.41509],[8.66222,42.42629],[8.65688,42.43751],[8.65031,42.44301],[8.66677,42.44504],[8.66463,42.45391],[8.67515,42.46648],[8.66951,42.47523],[8.64924,42.47431],[8.65726,42.4856],[8.66649,42.49738],[8.66589,42.50541],[8.67442,42.5187],[8.68816,42.51817],[8.69934,42.5268],[8.71074,42.52432],[8.71637,42.53226],[8.71729,42.54372],[8.71984,42.55208],[8.71547,42.56378],[8.7091,42.57202],[8.7151,42.57825],[8.72647,42.58248],[8.72907,42.57382],[8.72814,42.56163],[8.7426,42.5681],[8.76005,42.5698],[8.76044,42.55857],[8.79411,42.56184],[8.80419,42.57612],[8.80127,42.58396],[8.81081,42.59002],[8.80455,42.59927],[8.81109,42.60463],[8.8289,42.60196],[8.84228,42.60671],[8.85414,42.60848],[8.87255,42.61096],[8.88051,42.62179],[8.88256,42.62957],[8.89196,42.62782],[8.90851,42.62887],[8.91832,42.63716],[8.9346,42.64142],[8.93827,42.64206],[8.94263,42.63401],[8.95849,42.63544],[8.97224,42.63954],[8.98542,42.64139],[9.00719,42.64203],[9.03408,42.65393],[9.05343,42.65877],[9.05651,42.67028],[9.0536,42.68098],[9.05732,42.69109],[9.06247,42.69408],[9.07593,42.69966],[9.08582,42.71489],[9.10042,42.71562],[9.10995,42.72337],[9.12456,42.73164],[9.14316,42.73379],[9.15783,42.73459],[9.17713,42.73183],[9.19627,42.72596],[9.21377,42.73363],[9.22683,42.72874],[9.23308,42.72033],[9.24898,42.71956],[9.25573,42.71414],[9.26032,42.70018],[9.27027,42.69827],[9.28006,42.6888],[9.28442,42.67634],[9.30099,42.67827],[9.31655,42.69115],[9.32242,42.70593],[9.32963,42.71895],[9.34028,42.72933],[9.34375,42.74731],[9.33945,42.75642],[9.34052,42.771],[9.34214,42.78562],[9.33724,42.80489],[9.32234,42.8192],[9.30955,42.83378],[9.32129,42.84599],[9.33308,42.86213],[9.32851,42.87608],[9.3239,42.89153],[9.33044,42.90446],[9.34749,42.91242],[9.35507,42.92085],[9.35411,42.92755],[9.35643,42.93902],[9.35519,42.94934],[9.34765,42.95883],[9.35054,42.96827],[9.34152,42.98047],[9.3425,42.99084],[9.35412,43.00332],[9.36824,43.00522],[9.38318,43.01019],[9.39597,43.00621],[9.41512,43.00739],[9.427,43.01018],[9.43994,43.00063],[9.44687,42.99334],[9.46115,42.988],[9.45988,42.97796],[9.4577,42.96577],[9.45471,42.95783],[9.46507,42.943],[9.46722,42.92964],[9.47073,42.91831],[9.46997,42.90413],[9.47406,42.88974],[9.47637,42.87772],[9.48027,42.86894],[9.48403,42.8534],[9.48402,42.8426],[9.48591,42.83323],[9.48671,42.82098],[9.49279,42.80588],[9.48665,42.78761],[9.47692,42.77322],[9.46671,42.76061],[9.46473,42.75021],[9.46066,42.731],[9.45542,42.71014],[9.45005,42.69574],[9.44681,42.68501],[9.44835,42.66455],[9.4622,42.64012],[9.48484,42.61405],[9.51621,42.58301],[9.52812,42.56253],[9.53376,42.53598],[9.53255,42.5141],[9.53264,42.48018],[9.54165,42.45806],[9.54163,42.43213],[9.53819,42.41125],[9.53221,42.38121],[9.53695,42.3507],[9.54113,42.33286],[9.55045,42.31258],[9.55932,42.27945],[9.55538,42.25295],[9.55373,42.21768],[9.55912,42.1967],[9.55437,42.16085],[9.55522,42.12841],[9.55022,42.10582],[9.52021,42.07442],[9.50293,42.05561],[9.46924,42.01522],[9.45005,41.99698],[9.42113,41.96735],[9.41447,41.93587],[9.41258,41.91566],[9.40341,41.90002],[9.39702,41.87462],[9.40227,41.8587]]],[[[9.40875,43.02232],[9.40662,43.02313],[9.40634,43.02437],[9.40392,43.02591],[9.40434,43.02737],[9.4064,43.02766],[9.40767,43.02591],[9.40808,43.0234],[9.40875,43.02232]]],[[[9.34112,42.96307],[9.34015,42.96533],[9.34135,42.96567],[9.34291,42.96376],[9.34112,42.96307]]]]},"properties":{"code":"94","nom":"Corse"}}]}